Wnd,H2O,Hs,LE,Ustar,L
1.86098,5.21804,1.03908,-0.69456,0.12337,-144.3232841565106
1.38872,4.72649,0.16093,-2.22907,0.10164,-2601.156069364162
0.86451,4.90542,-0.3852,-0.23697,0.11895,323.7410071942446
1.79402,4.92639,-2.13937,-0.85834,0.1704,173.41040462427745
2.21457,4.76893,-2.94324,-13.6334,0.20622,180.0
2.19322,4.8499,-0.77591,-1.75127,0.13742,226.81451612903223
1.03429,5.17907,-8.18325,31.9189,0.26191,217.91767554479415
2.59038,5.52986,-18.1098,78.514,0.29968,152.49068112504236
5.27507,4.11197,28.0518,15.6594,0.61521,-617.283950617284
3.96669,4.07686,1.38531,-8.89124,0.6011,-18750.0
5.08967,4.29874,16.3329,-6.01992,0.47854,-526.9320843091334
3.73173,4.38068,10.3186,0.25374,0.32743,-261.3240418118467
2.97454,4.30053,8.06734,2.87028,0.26419,-172.4798773476428
4.05539,4.21736,7.80291,0.64558,0.29906,-262.85046728971963
3.53159,4.22909,7.21136,0.07746,0.29235,-266.9039145907473
3.05641,4.23427,7.68698,-1.17184,0.22494,-115.1484135107472
2.10214,4.23037,8.06967,-0.34722,0.1682,-45.578851412944395
1.08172,4.271,9.02917,0.23665,0.07529,-3.641012363259758
0.95993,4.14476,16.9742,2.17639,0.11645,-7.124988125019791
1.68833,3.95575,50.4612,10.0216,0.14175,-4.304407713498623
1.15536,3.83384,74.5992,3.70075,0.15877,-4.126282586170534
0.51976,3.75637,92.56,7.86324,0.12861,-1.763461086292029
0.6903,3.70519,125.816,10.6809,0.10487,-0.7030920425605051
0.9875,3.65538,142.863,9.365,0.19539,-4.008301638059269
1.1843,3.58395,122.588,7.57917,0.09104,-0.4724831087288629
1.01669,3.4187,195.814,-10.8531,0.20859,-3.579268874677866
1.32918,2.93487,191.088,-5.59176,0.27841,-8.701032522526006
1.44338,2.70084,191.83,26.2749,0.19906,-3.135189365437673
0.90219,2.27126,211.848,22.1465,0.28855,-8.654345443006326
0.45075,2.04359,164.151,-4.89371,0.39982,-29.926182084192323
0.52097,1.81838,247.881,12.1506,0.4323,-24.91556392226344
1.25009,1.73075,171.136,8.72614,0.15056,-1.523729548163398
1.5041,1.54409,146.318,6.83681,0.12367,-0.987528610898366
1.7596,1.26165,130.196,0.6708,0.18464,-3.70081006620338
2.43837,0.97983,105.488,10.2653,0.19429,-5.290445455507354
3.02429,0.64153,74.4579,-8.58773,0.22803,-12.264922322158624
3.3982,0.06377,51.1755,2.90443,0.25814,-25.6074659989757
2.88918,0.18472,3.90152,6.46665,0.21643,-180.72289156626508
2.60306,0.51508,1.47198,1.75102,0.18774,-320.9700427960057
2.62033,0.81839,-15.2264,4.59568,0.2568,86.5884163940735
2.5901,1.21425,-17.8817,6.98914,0.31777,140.4932875429285
3.10703,2.09691,-10.8394,-28.1099,0.41625,442.04322200392926
6.08383,3.0059,-22.8928,3.17268,0.39208,203.3438770899232
6.89451,3.18453,-23.978,-3.31457,0.4571,302.62273032952254
6.53317,3.48277,-14.2714,-6.59549,0.3971,327.27272727272725
5.41862,3.67002,-5.38955,-6.0024,0.34197,533.8078291814946
4.55049,3.68444,-17.078,-3.07713,0.42764,347.22222222222223
4.28727,3.6835,-11.8435,-4.49459,0.37846,342.9878048780488
2.83112,3.46316,-35.1904,-19.6092,0.35126,91.31493506493509
2.31627,3.18275,-8.98531,-11.2609,0.26812,153.06122448979593
2.55638,3.25068,-12.2935,1.99328,0.2973,164.83516483516482
1.59777,3.0178,-29.3908,-13.8796,0.26243,45.73635532066267
0.28541,2.77531,9.04099,-6.94852,0.29089,-217.2863351038146
0.9518,2.25149,-11.9195,-7.02103,0.13508,15.267175572519085
1.38374,1.97127,-16.2438,-8.96781,0.1545,16.792924581109826
1.71492,1.73239,-9.991935,,0.08937,-6.215297919946963
1.90581,1.67834,-3.74007,-0.12851,0.10923,26.48772735299311
1.65302,1.62043,4.68699,5.49541,0.15903,-61.34969325153374
1.77934,1.52141,3.578263333333333,,0.09282,51.130553346210654
1.90494,1.65969,2.4695366666666665,,0.08069,-7.168002038898358
1.8864,2.10779,1.36081,-9.77392,0.18569,-597.609561752988
0.45926,2.35952,16.0394,4.62092,0.1859,-30.0320341697811
0.46616,2.10125,-14.7682,-13.0061,0.1031,5.389673385792821
0.69641,2.0343,17.9138,5.56728,0.13164,-9.538950715421304
0.2615,2.24966,-5.59496,0.12436,0.15825,54.06054781355118
1.11986,2.12536,-0.12754,5.01758,0.15593,-1914.8936170212764
0.91245,2.24269,6.61389,1.31671,0.13272,-26.67298915298441
0.54895,2.44933,19.0888,-1.90777,0.16922,-19.490644490644492
1.72268,2.64898,51.8996,5.05032,0.17937,-8.444202585802481
2.07393,2.74682,41.0799,2.91653,0.17753,-10.36150126640571
1.68187,2.76156,56.1041,6.8153,0.1498,-4.544536457281358
1.24421,2.62933,86.1037,6.75614,0.13426,-2.136275380138336
1.16989,2.54619,104.691,5.00417,0.18672,-4.73305566073457
0.89191,2.37768,95.5064,13.6051,0.27592,-16.64816870144284
1.2666,2.12655,126.196,6.04883,0.19667,-4.585940525446874
1.85668,2.02289,149.508,11.1281,0.23878,-6.915523044059565
1.30312,1.86659,95.7654,4.79927,0.19285,-5.69130368796479
1.94463,1.83576,91.2343,5.5442,0.17789,-4.685157421289356
2.24584,1.78031,92.7079,5.76496,0.26187,-14.703479823558242
2.437,1.73186,97.017,6.98849,0.26502,-14.556511612861485
1.85235,1.60041,71.572,2.91286,0.19506,-7.8817388867481695
2.25375,1.55019,56.4962,3.10148,0.16649,-6.203046385002412
1.65512,1.51421,38.9872,3.41153,0.1145,-2.918533987949697
1.55299,1.42366,24.3067,0.65431,0.1697,-15.29467745224662
1.47086,1.41786,9.54511,1.08608,0.13524,-19.611261221999477
0.942,1.53477,1.15656,-0.83266,0.0525,-9.951348960636889
0.78826,1.64496,2.81753,-1.44429,0.07874,-13.61573373676248
0.29738,1.78266,1.9706466666666667,,0.04986,-95.48058561425844
0.44824,1.88,1.1237633333333332,,0.06181,18.02162595114137
0.08307,1.90696,0.27688,0.54923,0.13233,-571.7916137229987
1.12528,1.83112,-10.2827,-4.26183,0.1073,8.948990752709555
0.88686,1.80167,-2.10522,0.83381,0.10751,46.087668988119624
0.24713,1.65746,-5.23752,-2.30281,0.12023,24.690003292000437
1.92034,1.65793,0.01607,1.34597,0.11915,-1380.3680981595091
2.28259,1.93213,-1.793495,,0.0892,-58.36575875486381
1.47542,1.96087,-3.60306,-2.45147,0.13675,52.101424105592216
0.22808,1.94859,62.2438,3.38958,0.31214,-37.153236459709376
0.17637,1.7657,8.10419,2.10011,0.26434,-171.2980586220023
1.38384,1.6195,44.3793,5.14928,0.21437,-16.811745806403405
1.39897,1.63798,14.0192,-0.31948,0.18732,-35.79098067287043
2.546,1.57923,9.244489999999999,,0.08968,14.415222474933527
0.80242,1.56907,4.46978,1.2571,0.12604,-33.60465984616533
0.45047,1.60004,-39.1828,-2.14408,0.24429,28.271659232267385
1.08395,1.58301,9.1547,-1.05133,0.10886,-10.812109562710235
0.25962,1.64501,-27.8909,-7.35831,0.16984,13.187586085631391
0.15925,1.71912,-13.7929,-6.62682,0.15042,18.30012200081334
0.12604,1.69397,24.6456,-8.50901,0.23087,-38.809831824062094
0.57745,1.66245,-3.17574,-4.29381,0.1422,64.06605922551253
0.88884,1.49901,-6.72445,-16.2017,0.13811,26.2574396078889
1.03192,1.2807,1.0677250000000003,,0.07512,2.157693856805846
0.95046,1.27313,8.8599,-2.59717,0.20203,-72.10382951450089
1.9681,1.26224,15.1582,2.39999,0.10513,-5.78904712284358
2.50913,1.23913,0.67465,0.07239,0.08414,-66.86478454680535
2.62398,1.18883,-1.11711,1.51353,0.10166,77.6129699896516
2.10521,1.1323,-25.1878,1.87192,0.13279,7.113837203787724
0.58354,1.22811,-14.5679,-7.38872,0.26759,97.42368478025546
0.59062,1.51077,37.3321,0.55151,0.10113,-2.110357635273924
0.55029,1.44295,61.3829,3.49809,0.07318,-0.4851725866706918
0.1525,1.21292,108.91,3.72367,0.13788,-1.8302652664459504
0.96038,1.018,92.0623,24.0563,0.15295,-2.9154896726876927
1.20015,0.52354,126.637,-27.3635,0.16753,-2.863287563151398
0.96192,0.2457,121.426,6.92517,0.21211,-5.95876534382076
1.05973,0.0934,178.083,11.7356,0.25223,-6.824696301014605
1.05806,-0.02222,189.76,-0.03328,0.1462,-1.500245040023204
2.15461,-0.51977,245.274,19.5446,0.34328,-14.976038338658146
2.47461,-0.31159,214.554,13.6067,0.38564,-24.303305249513937
2.76007,0.19773,216.72,18.1789,0.45085,-31.95115024140869
3.19714,0.56708,112.238,12.3002,0.30707,-19.465351674020244
2.95221,0.67312,104.382,6.24334,0.2875,-17.2301566029789
2.33401,0.52538,149.805,-1.70436,0.41998,-37.58770464416973
2.14333,0.45143,77.6045,1.69631,0.29954,-26.26816881676493
1.91848,0.51426,43.1685,-0.05484,0.28901,-42.47687370209552
1.93735,0.69056,19.6826,1.66308,0.26416,-70.78810759792354
0.95963,0.77974,-0.57941,-0.0994,0.09876,125.03473186996388
0.37138,0.83854,1.97277,-0.13518,0.03124,-1.1792051109369963
0.12445,0.77131,1.292745,,0.04875,2.221289828960683
1.77809,0.71994,0.61272,-1.19278,0.12821,-295.85798816568047
3.06321,0.72323,14.2334,3.13592,0.12602,-10.558918766718287
3.9236,0.94362,-8.34816,2.7851,0.11682,14.820181794230008
2.90582,1.02364,-23.1096,3.87451,0.15534,12.467446112927355
3.49124,1.09236,-7.04194,-0.03066,0.13296,25.400767667645063
3.55848,1.06921,-8.94552,1.21771,0.10632,10.309514536415495
3.24668,1.11109,-4.71209,0.08693,0.14421,48.50183229144212
3.54251,1.10989,-5.78801,-0.00999,0.12775,27.415620811502375
3.45571,1.09821,-10.4344,0.38695,0.13876,19.53294556819168
1.10587,1.21277,-1.44377,-3.12692,0.14759,150.6024096385542
0.20395,1.47605,20.8283,-5.04043,0.23899,-50.59590735327187
2.50645,1.49067,-7.61597,-3.37476,0.18726,64.00227563646708
1.21872,1.44005,-5.48069,-3.17205,0.18583,86.27300613496932
1.38586,1.10281,-3.75855,-3.86004,0.10574,22.61647484545409
0.63795,1.03358,9.478225,,0.08316,-293.73368146214096
1.17578,0.97328,22.715,5.05746,0.15491,-12.295081967213116
0.44761,1.07777,27.5872,-2.17094,0.25462,-45.72241414346678
0.72128,1.08777,19.755336666666665,,0.03796,1.4264611717269058
0.82809,1.08766,11.923473333333332,,0.06368,4.334508466739871
0.96316,1.07732,4.09161,-4.62863,0.14001,-54.532234609791566
2.04053,0.90968,-0.36205,,0.05163,1.2523725502201393
0.38087,0.99405,-4.81571,3.96022,0.12292,30.779753761969904
0.2231,1.01802,0.65367,-6.28255,0.17744,-1424.0506329113923
0.18529,1.10903,-7.03252,4.40423,0.16774,52.978573110430894
0.23069,0.97772,-1.85353,-6.72289,0.15391,124.48132780082987
0.17956,1.01191,-16.3804,1.61084,0.1831,28.72646026172997
0.45074,1.0552,1.1180999999999983,-9.34242,0.31227,-13.421217453547676
2.98634,1.1461,18.6166,6.08495,0.20785,-36.12426748013165
2.81292,1.49916,24.9028,0.08689,0.21207,-29.239766081871345
2.63824,1.6406,63.8131,4.22901,0.24995,-18.618121638394705
3.82209,1.09298,75.7752,-0.74327,0.33096,-36.54377131719993
2.83756,1.12118,90.9168,5.72145,0.25769,-14.314342971657602
2.50564,1.09222,136.805,6.93058,0.30695,-16.08694097880099
3.37011,1.06452,111.711,5.82348,0.30424,-19.17586397920484
3.13717,1.00514,169.472,4.33213,0.35436,-19.992891416385284
3.61442,0.90393,137.541,8.3905,0.38933,-32.5874429719748
3.96192,0.83868,169.465,-1.73778,0.4774,-48.96094005004896
4.8056,0.69361,155.054,5.87273,0.53831,-76.47858599592114
5.21373,0.59689,158.813,4.47748,0.56095,-84.5229151014275
4.86611,0.55052,139.602,8.77899,0.58634,-109.59571358986848
4.47027,0.47483,121.663,4.84774,0.57171,-116.70124481327802
4.32978,0.56017,114.568,-0.39168,0.58115,-130.54830287206266
5.51451,0.57211,74.0992,0.38984,0.59922,-221.13022113022112
4.75498,0.61214,42.634,3.19987,0.46992,-184.6532622076323
3.81593,0.69261,0.4799,4.2627,0.33268,-3813.5593220338983
3.53709,0.74046,-11.7988,1.31223,0.30505,184.72906403940888
2.63759,0.7657,-20.711,2.03007,0.26974,72.73315015354775
2.57681,0.78967,-18.4372,0.30921,0.17921,23.853697323085076
2.77422,0.83442,-17.7873,0.46776,0.15232,15.199621698304398
3.03649,0.8746,-21.1541,0.9213,0.18466,22.80443926417676
3.25959,0.91485,-19.5348,0.43714,0.21291,37.81194857574994
3.51184,0.99334,-10.6641,-1.48348,0.18817,47.37340772712917
3.41344,0.96016,-16.6371,1.30318,0.17806,26.062782346808756
3.2487,0.90689,-8.47716,0.55632,0.13251,21.070375052675935
2.8485,0.8691,-17.6265,1.37911,0.15251,15.464980411024811
1.75856,0.88443,-10.751,0.49856,0.12589,14.232399266240748
0.20933,0.92835,20.9368,-2.39043,0.18167,-22.051256921644537
1.42862,1.08936,-9.22457,1.29499,0.12,14.449938989146492
2.8851,1.08286,-16.2017,-0.45579,0.18104,27.969420100689913
3.60584,1.09599,-18.2743,2.02413,0.23289,53.216650898770105
3.77221,1.12709,-20.7635,1.19209,0.2324,46.391752577319586
3.83849,1.08624,-26.3426,0.48581,0.23135,35.99136207310246
3.82278,1.12285,-29.2493,0.58552,0.25431,43.0622009569378
3.94243,1.16678,-28.4539,1.29784,0.28701,63.72132540356839
3.57346,1.19117,-19.7821,0.25589,0.24544,57.21551176096631
3.33265,1.17348,-18.7729,1.15068,0.23919,55.95622979358368
3.38871,1.21066,-24.1971,0.9118,0.2401,43.85537471981288
3.81106,1.16265,-25.4692,2.37373,0.24886,46.54530409598676
4.05076,1.11705,-29.2621,0.72855,0.25899,45.486707773172945
4.12542,1.08923,-26.2883,2.11019,0.23892,39.8936170212766
3.70074,1.00358,-32.2048,1.86771,0.24029,33.090668431502316
3.3892,0.98104,-32.7836,0.98823,0.21958,24.77155124958714
3.05409,0.9456,-22.1678,1.26746,0.18826,23.132678764200893
2.72147,0.85628,-13.3334,1.85949,0.18491,36.63003663003663
2.80288,0.78624,-12.0432,4.78989,0.22031,69.6594427244582
2.33696,0.77135,6.49713,4.49752,0.2023,-93.9261114589856
1.8454,0.82773,35.6275,2.8588,0.18107,-12.717971907413164
1.8936,0.75555,49.7031,8.38824,0.22494,-17.38660072637354
1.06321,0.79419,85.9021,7.97769,0.1722,-4.532406707961928
0.96796,0.74609,90.3454,8.24921,0.274,-17.355754396791113
0.55071,0.60246,131.091,1.75363,0.22041,-6.252257759746575
0.8377,0.77954,173.982,-2.77576,0.21484,-4.370162472929271
1.08021,1.00771,137.873,19.9487,0.28695,-13.01142113633078
0.49468,1.07655,144.49,5.86017,0.16066,-2.1918608898955214
0.62514,1.09955,153.97,16.2504,0.25569,-8.255063105371294
0.98015,0.98127,170.425,-1.09648,0.22493,-5.108875820258396
0.86396,0.87395,183.653,5.42781,0.29453,-10.617464549465588
1.11099,0.90013,128.042,4.44778,0.19319,-4.296147787483889
1.68677,0.94894,133.711,4.21691,0.39119,-34.163376860006075
0.67851,0.93812,98.7268,3.59022,0.17953,-4.471205436985811
2.12447,0.9766,53.7962,2.39078,0.23945,-19.46030098598858
2.06603,1.02625,37.2462,1.00316,0.18289,-12.539010254123944
2.63815,1.09602,13.3671,0.78609,0.22171,-62.13753106876553
2.13663,1.14139,-4.81517,-1.25058,0.17872,89.28571428571429
2.79621,0.83776,-15.9757,2.79865,0.20528,41.85267857142857
2.63268,0.70368,-6.48363,3.92989,0.19457,90.16229212582648
1.35178,0.48829,-12.5111,-2.0332,0.15221,21.36650681354162
2.63026,0.71885,8.24308,-5.21185,0.16622,-44.29133858267717
2.99856,0.33683,8.483976666666667,,0.07677,5.791878499259926
3.53581,0.18542,8.724873333333333,,0.08627,10.705873956177289
2.96259,0.1684,8.96577,-2.10479,0.12401,-16.512549537648614
2.45543,0.1165,-8.3894,0.27443,0.11192,12.820878087694805
2.43349,0.32524,5.25803,-3.53623,0.13384,-36.3166814623517
2.06189,0.40458,12.5641,-3.52245,0.17812,-35.00583430571762
0.87578,0.2524,29.9285,-1.63504,0.20161,-21.026072329688816
0.20371,0.20845,-4.970749999999995,,0.54449,43.9453125
0.85072,0.38565,-39.87,12.1975,0.20251,16.21504756413952
1.75583,0.34964,12.7048,-0.64475,0.14863,-19.82029598308668
2.18298,0.47532,12.7819,-2.95326,0.20515,-52.337752965806
2.37801,0.67477,3.01631,-2.24921,0.18184,-159.1230551626591
1.05128,0.54498,-22.9218,-1.07425,0.20009,26.655609524937805
2.29404,0.558,-2.16771,-1.36246,0.11419,50.73852745518096
2.38051,0.88024,18.2967,5.93813,0.14574,-12.707915619440287
3.99615,0.89603,-16.6512,-2.24025,0.14416,13.656227239621268
2.38734,0.57391,-15.5751,0.30085,0.10769,6.137312130056463
0.68374,0.36493,21.0844,-0.99667,0.32578,-125.69832402234636
0.68663,0.45789,-8.05386,1.05261,0.18322,58.84660651235779
0.19385,0.48263,1.00476,2.26068,0.14942,-225.67703109327985
0.50843,0.49767,-9.10482,,0.09902,3.5412994208008057
0.56848,0.59193,-19.2144,6.27412,0.27178,81.46270818247648
0.87169,0.62636,-24.2795,1.28865,0.20356,26.676151520540635
0.40022,0.66017,-9.21907,0.31984,0.21854,86.87258687258688
1.41283,0.55808,5.63251,1.40682,0.11127,-18.46987358397636
1.75477,0.36961,32.9154,2.32218,0.18421,-14.482958385632903
1.7474,0.31501,43.348,2.96391,0.15076,-6.029019681399804
1.49808,0.33513,58.9486,5.27681,0.10253,-1.3922405791720809
1.29397,0.49315,86.7144,6.12759,0.11248,-1.250656594712224
1.42703,0.58115,134.38,15.2142,0.19869,-4.435726325542884
1.22927,0.67227,132.416,9.06688,0.27077,-11.420450219526431
1.73938,0.79388,132.685,5.616,0.26803,-11.067932510207092
1.49673,0.76358,156.573,8.85222,0.17797,-2.7418794669786317
1.77389,0.56538,158.589,10.9472,0.38729,-27.85687755354711
2.43545,0.48724,163.366,4.3482,0.36153,-22.040456482343146
2.73306,0.4185,78.1319,4.6108,0.29082,-23.937443481036222
2.87333,0.51739,81.1122,-3.10302,0.35459,-42.02857943401513
3.25878,0.38387,141.92,6.76559,0.38705,-31.070910722916526
3.70088,0.50148,71.1505,-1.11936,0.32219,-35.882306036201264
4.23883,0.48953,30.8913,0.7631,0.33824,-95.3996184015264
4.30361,0.51728,21.6845,2.69701,0.30716,-101.21457489878544
3.95834,0.52146,20.7009,1.15437,0.32223,-122.9172357279432
3.12719,0.5681,8.3757,0.7224,0.25711,-154.1095890410959
2.768,0.58795,0.42116,1.19616,0.21295,-1500.0
3.13457,0.61218,-3.2164,0.427,0.22854,285.7142857142857
3.02029,0.67306,-9.00892,2.67003,0.25584,144.60154241645245
3.67183,0.63957,-6.8662,2.33414,0.26783,218.34061135371175
3.3111,0.50735,-9.69547,3.38646,0.23933,110.37527593818984
2.36668,0.42378,-7.48717,2.30431,0.17568,56.39804486777792
2.1775,0.36273,-8.44342,2.09481,0.16341,40.11410233553218
2.23164,0.43349,1.75926,-7.85738,0.18882,-396.82539682539687
2.96475,1.15618,-0.18969,34.875,0.16484,-185.03289473684208
5.66974,1.94329,-7.76773,-4.50556,0.42421,728.1553398058253
5.24881,2.4152,-9.46215,-0.62302,0.48149,900.0
6.87233,2.87316,12.3686,-28.4004,0.59068,-1475.4098360655737
6.65194,3.17605,-4.50358,3.07974,0.41068,1229.5081967213114
6.09336,3.63146,4.46663,-6.86047,0.46219,-1859.504132231405
3.65167,3.88371,0.60676,0.39301,0.27846,-2631.5789473684213
0.32452,3.69618,15.0244,-20.5859,0.3154,-174.0139211136891
2.08684,3.43728,32.9189,-83.3516,0.44379,-238.47376788553257
4.89812,3.1438,-3.90425,-4.88304,0.53525,2812.5
3.72746,3.35431,-4.24543,1.6757,0.2977,487.012987012987
3.2873,2.88814,-5.49697,-2.50519,0.25539,225.9036144578313
3.72832,3.29384,-8.95892,1.05459,0.24389,124.79201331114808
4.46494,3.51269,-14.3537,-4.50816,0.34192,209.30232558139537
3.97375,3.66116,-15.1229,-6.4538,0.29431,125.94458438287154
4.06125,3.62596,-13.4531,-1.149,0.2555,94.4386149003148
2.22765,3.47601,-4.19046,2.24715,0.17876,107.62975364745276
2.01947,3.46632,-9.85178,-6.63012,0.2545,123.32145793368043
2.28253,3.6075,-27.752,-18.331,0.30082,72.3589001447178
2.37327,2.81244,-5.0048,6.15953,0.13687,42.09935447656469
2.09882,1.94636,-3.81515,-25.0989,0.11098,19.988451117132325
2.27106,1.60234,13.5135,-0.21996,0.15916,-22.82525995434948
1.3858,1.88434,-6.48635,-5.18008,0.12715,23.173180905298935
0.2904,2.0684,69.752,33.5379,0.35704,-48.543689320388346
0.39571,2.04164,64.0863,12.5885,0.11004,-1.5713771898887117
0.52853,1.81967,86.8423,2.10251,0.09664,-0.7928858755310133
1.03502,1.53864,130.861,7.83925,0.13501,-1.430838057748624
0.56045,1.18314,139.555,14.556,0.13833,-1.438618925831202
1.2616,0.80451,194.207,28.9512,0.27028,-7.685869955080361
2.26388,0.46357,215.032,28.6992,0.38723,-20.41742286751361
3.93235,0.56557,232.897,0.49987,0.3204,-10.756286451859642
3.40747,0.47884,238.454,4.92585,0.37018,-16.175994823681656
2.35921,0.60793,184.869,4.18167,0.31231,-12.52365579427808
2.44031,0.70172,220.956,5.41641,0.35794,-15.768449085429951
2.83272,0.7984,153.801,2.20298,0.16641,-2.2774201384671446
1.98173,0.72222,133.71,2.72716,0.30402,-15.964806471068222
1.99894,0.72897,114.74,3.19577,0.25266,-10.671599317017645
1.72454,0.72108,61.2393,1.38456,0.23998,-17.137634244801585
2.10317,0.754,37.9036,1.10198,0.23539,-26.121785569164683
2.0956,0.83779,12.5741,1.04732,0.26823,-116.12903225806453
1.38148,1.02026,9.46151,-2.03678,0.21776,-84.11214953271028
0.63951,1.11282,-6.35158,-2.06171,0.10581,13.927576601671309
0.19438,1.22176,3.9238099999999996,,0.06081,-10.09194886745907
0.42398,1.21254,14.1992,-2.44785,0.13588,-13.59352344127598
2.86578,1.14658,-0.65547,4.19465,0.13906,501.1135857461024
3.43883,0.95587,-2.924595,,0.08656,21.214406939468223
3.53221,0.98303,-5.19372,-0.34775,0.12163,26.27276973376927
3.64858,1.03416,0.58716,-0.24197,0.10762,-165.62384983437616
3.11401,1.04429,-8.9028,-0.12129,0.1113,11.781955280934175
3.13641,1.05127,-7.847373333333333,,0.09651,14.7977638934561
3.23259,1.0686,-6.791946666666666,,0.07701,13.26025459688826
3.35214,1.05343,-5.73652,0.00456,0.10525,15.464448950135742
3.19039,1.0992,4.743240000000001,,0.08917,9.301941005023048
0.75243,1.13615,15.223,-0.04853,0.44077,-427.75665399239546
1.64,1.20275,-27.6903,-0.55919,0.12807,5.761991344208559
2.31212,1.30994,-16.2089,-1.42795,0.16346,20.388745412532284
2.28424,1.33385,-14.8629,-0.80531,0.20949,46.89942678478374
1.53059,1.35137,-20.8956,-0.97107,0.20253,30.146714008173102
1.53959,1.34261,-5.32049,0.41287,0.18838,95.92837348113407
1.89234,1.32225,-16.466,-1.1676,0.18017,26.881720430107528
2.23301,1.28103,-10.0589,-2.19847,0.12896,16.001706848730528
2.44533,1.08432,54.5214,10.8001,0.21297,-13.310852781968231
2.59474,1.07072,34.004,,0.06245,1.086392332484338
1.23728,1.04844,13.4866,1.40606,0.13714,-14.441591784338897
1.00644,1.03563,46.60105,,0.05552,-1.7320616152051918
0.20807,1.0422,79.7155,0.62195,0.28065,-21.05460160014972
1.16306,1.05515,11.6252,2.82606,0.1104,-8.676371348693722
0.34313,1.06052,-5.41711,-1.16253,0.21807,143.7699680511182
1.88276,1.03783,-17.0288,-0.10593,0.19635,33.79393211174527
1.73862,1.26201,13.8017,4.74477,0.10034,-5.46202677606904
1.50429,1.37009,-16.6335,4.78507,0.09395,3.857495542449595
0.54471,1.39759,-77.4877,9.89671,0.25596,16.590473381507152
0.90533,1.26996,55.3186,9.33985,0.14098,-3.81604945600095
1.29207,1.20099,93.0073,9.10795,0.11256,-1.1597938144329898
2.26069,1.17727,178.307,16.5507,0.18801,-2.8193722197857274
3.52556,1.10457,207.793,10.4329,0.43495,-30.02201614517313
4.06439,1.02387,252.818,8.08599,0.50051,-37.622272385252074
4.14997,1.08579,248.572,11.607,0.43939,-25.859096655556833
3.74945,1.15319,235.281,5.8939,0.43507,-26.547106365406172
3.65467,1.14274,212.353,4.19064,0.50965,-47.27387330601954
4.1885,1.11881,157.51,9.20279,0.40262,-31.337047353760443
4.32832,1.04163,151.114,1.90534,0.49991,-62.68282490597576
4.00504,1.03865,122.392,4.98625,0.44085,-52.978573110430894
3.68546,1.00743,116.946,3.81346,0.51125,-86.50519031141869
4.51088,1.02543,81.4396,2.12314,0.48963,-109.17030567685588
4.26738,1.05479,56.1053,1.76084,0.59607,-285.89580686149935
4.26899,1.11645,25.9897,2.59332,0.49953,-361.7363344051447
3.63235,1.20128,25.6795,-3.08485,0.42975,-236.46873357856015
3.83005,1.27096,2.92273,-0.27035,0.37444,-1371.9512195121952
3.50383,1.31487,-2.95974,-1.7066,0.40169,1607.142857142857
4.78214,1.08967,-5.80236,31.274,0.60726,4326.923076923077
4.69703,0.66187,-9.28458,1.17077,0.41378,584.4155844155844
3.17805,0.43982,-4.28979,1.28682,0.22913,217.1814671814672
1.53446,0.49469,-13.0844,2.59305,0.15193,20.64504289581135
1.06458,0.63253,-0.98232,-1.22676,0.10593,85.84509729111026
2.34427,0.638,-16.8683,-0.16374,0.11998,7.796663028223921
3.40651,0.36481,-6.47159,7.94971,0.2319,158.17223198594024
2.67094,0.28266,-5.83348,3.03556,0.18118,80.11393982552964
2.33957,0.1348,-12.3805,-0.29525,0.17289,31.766200762388817
1.87478,-0.00667,-10.152375,,0.09289,7.740337478714071
2.18849,0.02735,-7.92425,,0.09949,5.850690381465013
2.05975,0.03925,-5.696125,,0.0998,9.564699880972624
1.66691,-0.04128,-3.468,-3.68338,0.11416,34.932463903120635
2.61417,-0.23354,-19.9744,1.97409,0.17413,23.15291212183577
2.65512,-0.24438,-16.2383,0.34663,0.16251,22.97794117647059
2.42808,-0.34458,-18.2128,0.2863,0.13142,10.802246867348408
2.39064,-0.41215,-18.5993,-0.89879,0.13328,10.979626692692449
2.6846,-0.60784,-21.2263,0.63238,0.16482,18.26446951862976
2.84158,-0.71315,-23.6699,3.44717,0.18533,23.44971339239187
1.86597,-0.73802,-19.820366666666665,,0.07202,2.706718074260314
1.4047,-0.69511,-15.970833333333331,,0.0674,1.484007347485267
1.71115,-0.66926,-12.1213,1.23737,0.16628,32.66787658802178
1.30392,-0.63763,-11.4073,-0.72786,0.1463,23.32573087290068
2.23225,-0.50567,-8.107205,,0.05749,2.319468068656255
2.17227,-0.34816,-4.80711,-0.97888,0.1571,67.96556411418214
1.92123,-0.35989,-24.4043,2.70453,0.04506,0.3218630865954753
1.40492,-0.38266,-8.9529,1.0101,0.10588,11.41726290150708
0.56971,-0.20502,7.6867,-0.58907,0.06055,-2.4972668801367393
0.91036,-0.26306,10.9658,0.81349,0.08516,-4.833771953380954
0.29284,-0.24907,54.0458,0.98179,0.05887,-0.3275824415811312
0.68518,-0.06658,75.8949,-5.83351,0.17845,-6.590413145677421
0.87786,0.1543,89.9639,4.83393,0.12605,-1.6924737572541306
1.8311,0.57599,99.3487,9.21121,0.12443,-1.4710834038908522
2.61373,0.50137,107.656,8.17574,0.20425,-6.009053640818833
0.66457,0.35185,147.276,7.7707,0.19108,-3.5997984112889676
0.9104,0.32963,177.7,9.11137,0.20008,-3.424266636228741
2.12061,0.25668,194.805,-1.84151,0.34499,-16.0639702995038
2.28566,0.29947,184.919,-0.08618,0.4093,-28.239723878255415
2.56544,0.2725,178.381,3.593,0.37429,-22.353584024638614
2.1827,0.13385,151.974,4.71417,0.36752,-24.819370139540016
1.96541,0.08736,119.866,1.60838,0.22956,-7.675513406563416
1.30441,0.02269,93.8703,1.95826,0.24064,-11.284417473293544
1.17849,0.02192,90.372,3.48071,0.27342,-17.172295363480252
1.77826,0.05066,72.9739,1.85464,0.29153,-25.79979360165119
1.58683,0.0848,33.7223,1.3514,0.22287,-24.922463447053612
2.16394,0.16174,9.62197,-1.70211,0.13167,-18.250395425234213
1.19237,0.29845,0.18962,-2.07847,0.12041,-2045.4545454545453
0.54991,0.39783,12.963,-2.12299,0.12251,-10.907768755302389
0.69662,0.40993,-36.5059,-4.69117,0.14424,6.214611241541224
2.47039,0.29322,53.168,15.6716,0.30353,-39.38041480703597
3.85734,0.16552,-10.3879,-0.35376,0.14588,22.721534965917694
4.21109,0.60903,-10.0298,-3.62058,0.18248,45.21704180064309
4.10072,0.78753,-9.05577,-1.72164,0.19215,59.06286914293215
4.10539,0.64072,-13.0535,-3.10074,0.18327,35.46099290780141
1.70795,0.38859,20.7482,0.15259,0.22219,-40.28648164726947
1.32965,0.32092,-36.4842,-1.22245,0.19857,16.3286040857796
1.18022,0.28742,-58.1449,-2.9679,0.19308,9.40851784482218
2.13441,0.25858,-6.93843,0.2355,0.16895,53.072296261351575
2.79743,0.07475,-16.2806,14.8387,0.10825,6.263396709628928
1.72601,-0.04604,-8.89414,0.34519,0.15527,36.85805553280367
0.87954,0.02003,5.29725,4.43596,0.10406,-15.46604344239758
0.66263,0.14941,-59.7609,11.7537,0.1919,9.112078566366304
0.77461,0.54128,-1.91552,-3.33453,0.12633,73.08754263439987
1.02601,0.34601,5.48213,-0.90144,0.11647,-22.171856523452895
0.63586,0.23047,1.19605,-7.11024,0.2845,-2205.882352941176
1.57972,0.07509,-28.0327,0.33019,0.14536,8.351583088972198
1.13138,-0.0688,-44.0541,-4.77362,0.31749,62.57822277847309
1.2649,-0.04513,-45.2387,1.78542,0.16569,8.695988250753652
1.55724,-0.06142,-31.076543333333333,,0.08044,2.749115701116141
1.72753,-0.04809,-16.914386666666665,,0.07303,5.001722815636497
3.24187,-0.04522,-2.75223,0.03626,0.12075,55.214723926380366
3.13211,0.00674,-10.2202,1.25036,0.172,38.17441465897523
2.00862,0.00792,1.30397,-2.04733,0.17051,-317.7966101694915
1.54343,0.00997,-1.90514,-2.47035,0.13787,97.63506183553916
0.81884,-0.02458,4.05565,-0.15911,0.11411,-31.519226728304265
0.6748,-0.02522,-23.1921,-0.88973,0.12494,7.2575962841107025
0.87947,0.17474,9.91626,1.6534,0.12455,-14.713094654242274
1.01125,0.19265,3.89948,7.97287,0.07978,-8.87538953098497
0.84257,0.16142,50.0481,8.3578,0.12398,-2.8734164282795263
0.85158,0.02479,92.0517,5.84357,0.07179,-0.3051095682360599
0.84129,0.00149,91.4504,7.36776,0.13704,-2.133621609319659
1.24858,0.02323,119.93,7.70003,0.21082,-5.928072717692004
1.31759,0.08415,142.368,6.13923,0.18572,-3.417271650314389
1.42592,0.1792,158.358,4.84919,0.16052,-1.9841094875706564
0.71949,0.09972,140.693,0.28057,0.14547,-1.6642196474073307
0.5206,0.09341,153.505,3.78432,0.21979,-5.251426637569874
1.45476,0.03846,162.613,-1.02642,0.27902,-10.157784248662558
1.94578,0.01439,143.327,2.63718,0.31204,-16.092118437991704
1.37942,-0.07907,174.071,8.44899,0.22239,-5.7639102367045805
1.62819,-0.07044,138.542,9.85429,0.29817,-17.437805161590326
1.73787,-0.2272,90.2693,2.69821,0.19516,-7.527349369375397
1.98833,-0.26189,70.2642,6.00959,0.20938,-11.897208121827411
1.98338,-0.2143,29.3728,2.96905,0.20302,-25.906735751295336
2.07061,-0.19866,-1.57201,2.22446,0.18066,383.30494037478707
1.04714,-0.0369,-2.00257,-0.23934,0.05651,8.143175114456849
0.74258,0.07565,-0.05913,0.10002,0.04714,149.95001666111298
0.58758,0.16519,2.003675,,0.04394,-3.880615034365002
2.76265,-0.07851,4.06648,2.28813,0.1217,-38.13882532418002
3.22456,-0.14975,-14.4541,-2.09349,0.14993,20.504875603754673
3.11777,-0.08143,-11.794195,,0.09533,46.22496147919876
3.46072,-0.07709,-9.13429,0.02807,0.14777,31.23264852859522
3.32591,-0.03075,15.4073,0.55475,0.14632,-17.862813591616387
3.05457,0.00213,-14.152,1.38815,0.16134,22.703193582563948
3.24301,0.00731,-7.76897,0.11669,0.1413,27.644673792849243
2.88369,-0.07119,-20.8203,-2.30067,0.15844,16.63524453809471
