DR,DLR_Cor,Ta_5m,Press,UR,ULR_Cor,Rain
0.0,325.1666666666667,8.963333333333333,854.0,1.026,356.8666666666666,0.0
0.0,322.93333333333334,8.796666666666667,854.0,1.368,356.0,0.0
0.0,323.23333333333335,8.776666666666666,854.0,1.368,355.3,0.0
0.0,323.03333333333336,8.78,854.0,1.3603333333333334,355.0,0.0
0.0,322.6333333333333,8.686666666666666,854.0,0.9730000000000002,354.59999999999997,0.0
0.0,321.4,8.5,854.0,0.8893333333333334,353.7,0.0
0.0,325.8333333333333,8.46,854.0,1.0490000000000002,353.90000000000003,0.0
0.0,322.40000000000003,8.093333333333334,854.0,0.836,352.7333333333333,0.0
0.0,320.3666666666667,8.084333333333333,854.6666666666666,0.4333333333333333,351.56666666666666,0.0
0.0,315.56666666666666,6.184666666666666,855.0,0.129,345.6666666666667,0.0
0.0,312.3,5.155,856.0,0.2583333333333333,341.4666666666667,0.0
0.0,311.03333333333336,4.178999999999999,856.3333333333334,0.4333333333333333,338.43333333333334,0.0
0.0,317.6333333333334,4.1433333333333335,857.0,0.6156666666666667,339.53333333333336,0.0
0.0,318.59999999999997,4.059,857.6666666666666,0.456,338.8666666666666,0.0
0.0,315.1666666666667,3.823333333333333,858.0,0.4636666666666666,337.3666666666667,0.0
0.0456666666666666,316.3,3.686666666666667,858.0,0.4943333333333333,336.93333333333334,0.0
7.534333333333333,317.1666666666667,3.619,858.6666666666666,2.3493333333333335,337.90000000000003,0.0
27.386666666666667,317.03333333333336,3.683666666666667,859.0,6.767,340.43333333333334,0.0
65.11333333333333,312.2666666666667,3.828666666666667,859.0,14.47,344.8,0.0
244.9666666666667,251.23333333333332,4.1499999999999995,859.0,66.35333333333334,351.23333333333335,0.0
357.3666666666666,239.13333333333335,4.605,859.0,86.33999999999999,364.8,0.0
476.23333333333335,242.5,5.639333333333333,859.0,106.43333333333332,387.76666666666665,0.0
556.8333333333334,244.9666666666667,6.218333333333334,859.0,119.96666666666664,407.7,0.0
627.5999999999999,246.8,6.791,858.3333333333334,132.83333333333334,426.3333333333333,0.0
681.5999999999999,248.9666666666667,7.52,858.0,143.16666666666666,444.1333333333334,0.0
722.9,251.9,8.269333333333334,858.0,151.00000000000003,459.9,0.0
748.7333333333332,252.8,8.983333333333334,857.0,157.36666666666665,469.9333333333334,0.0
755.9333333333334,252.8,9.633333333333336,857.0,160.23333333333332,479.96666666666664,0.0
743.4333333333334,254.66666666666663,10.416666666666666,856.0,157.86666666666667,487.76666666666665,0.0
717.6999999999999,254.0666666666667,10.676666666666668,855.6666666666666,153.79999999999998,489.06666666666666,0.0
676.5333333333334,254.76666666666665,11.526666666666666,855.0,147.03333333333333,487.0333333333333,0.0
612.8666666666667,255.3,12.256666666666668,855.0,135.46666666666667,482.7,0.0
535.3000000000001,252.7,12.170000000000002,854.6666666666666,123.36666666666667,469.3,0.0
447.8666666666666,251.76666666666665,12.39,854.0,109.0,455.56666666666666,0.0
351.5666666666666,251.66666666666663,12.71,854.0,91.76666666666668,439.3999999999999,0.0
252.5,248.19999999999996,12.666666666666666,854.0,74.11,418.1333333333334,0.0
151.4,245.0,12.71,854.0,53.61333333333334,397.8333333333333,0.0
44.47666666666667,246.0666666666667,12.703333333333331,853.6666666666666,18.603,380.8,0.0
1.2073333333333334,247.86666666666665,12.04,853.0,3.531,366.3,0.0
0.0,246.36666666666667,11.046666666666669,853.0,2.446,357.5,0.0
0.0,245.76666666666665,9.986666666666666,853.6666666666666,2.249,351.40000000000003,0.0
0.0,242.7,8.896666666666667,854.0,2.2343333333333333,346.09999999999997,0.0
0.0,245.3,8.83,854.0,1.862,344.8,0.0
0.0,245.4333333333333,8.141666666666666,853.0,1.353,342.1333333333334,0.0
0.0,244.3,7.459333333333333,853.0,1.368,339.0,0.0
0.0,242.4,6.869,853.0,1.3756666666666668,335.8333333333333,0.0
0.0,240.5666666666667,6.2556666666666665,853.0,1.4063333333333334,332.5333333333333,0.0
0.0,237.9333333333333,5.62,853.0,1.3833333333333335,329.40000000000003,0.0
0.0,234.66666666666663,4.386333333333333,852.0,1.3153333333333337,324.1666666666667,0.0
0.0,231.1,3.281,852.0,1.7793333333333334,319.3333333333333,0.0
0.0,229.16666666666663,3.25,851.0,2.289,317.4,0.0
0.0,226.66666666666663,2.548666666666666,851.0,2.0003333333333333,313.46666666666664,0.0
0.0,224.96666666666667,2.22,850.6666666666666,3.1943333333333332,308.76666666666665,0.0
0.0,220.5666666666667,1.0373333333333332,850.0,2.6166666666666667,304.6,0.0
0.0,218.33333333333337,-0.766,850.0,2.039,300.56666666666666,0.0
0.0,218.9333333333333,-1.3786666666666667,850.0,2.123,298.3666666666667,0.0
0.0,219.4,-1.5656666666666668,849.3333333333334,2.3513333333333333,297.8333333333333,0.0
0.0,220.33333333333337,-2.0316666666666667,849.0,2.0243333333333333,295.43333333333334,0.0
0.0,217.36666666666667,-2.412,849.0,2.085,293.76666666666665,0.0
0.0,218.7,-2.125,849.0,2.74,293.59999999999997,0.0
0.0,222.13333333333335,-0.6776666666666666,849.0,2.7473333333333336,294.8666666666667,0.0
0.0,222.80000000000004,-0.9936666666666666,849.0,2.7243333333333335,292.23333333333335,0.0
0.0,226.3,-2.15,849.0,2.3136666666666668,290.79999999999995,0.0
1.7046666666666666,227.9,-2.506666666666667,849.6666666666666,3.980333333333333,290.93333333333334,0.0
22.073333333333338,232.36666666666665,-1.715,850.0,9.705666666666666,293.8333333333333,0.0
71.51,230.9333333333333,-1.8576666666666664,850.0,23.139999999999997,301.0333333333333,0.0
150.43333333333334,231.1,-0.6323333333333334,850.6666666666666,47.653333333333336,312.79999999999995,0.0
253.6,248.63333333333333,1.352,851.0,65.48,334.76666666666665,0.0
262.09999999999997,265.2,2.164,851.0,58.71,349.1666666666667,0.0
264.73333333333335,267.93333333333334,2.6726666666666667,851.0,58.57333333333333,354.8333333333333,0.0
335.6666666666667,271.2,3.4906666666666664,851.0,73.67666666666666,368.36666666666673,0.0
447.43333333333334,271.33333333333337,4.568333333333333,851.0,97.16666666666669,388.8999999999999,0.0
418.0,280.93333333333334,5.547,851.0,88.8,399.7000000000001,0.0
449.6666666666667,291.40000000000003,6.626333333333332,851.0,95.16666666666669,411.0333333333333,0.0
490.6666666666667,293.53333333333336,7.452666666666667,851.0,104.03333333333336,421.6,0.0
526.0333333333333,285.3666666666667,8.243333333333334,850.6666666666666,113.23333333333332,433.26666666666665,0.0
425.2,294.50000000000006,8.71,850.0,91.3,426.6333333333334,0.0
345.6333333333334,298.8,9.186666666666666,850.0,74.06333333333333,421.93333333333334,0.0
309.9,300.1666666666667,9.596666666666666,850.0,67.03333333333332,413.5333333333333,0.0
278.3666666666666,295.90000000000003,9.66,850.0,61.10999999999999,407.1,0.0
287.6333333333333,292.76666666666665,9.783333333333331,850.0,63.673333333333325,409.0,0.0
202.16666666666663,296.7333333333333,9.98,850.0,44.88666666666666,399.26666666666665,0.0
149.4,302.1333333333333,10.233333333333334,850.0,33.516666666666666,393.0333333333333,0.0
90.35333333333334,290.6333333333334,10.21,850.0,21.303333333333335,381.4333333333334,0.0
64.97666666666667,285.2666666666667,10.176666666666668,850.0,16.583333333333336,373.1,0.0
21.51,280.2333333333333,9.936666666666667,850.0,7.688,363.1,0.0
0.395,288.2,9.633333333333333,850.0,2.963333333333334,355.3,0.0
0.0,293.8333333333333,8.963333333333333,850.0,2.356,350.8666666666666,0.0
0.0,298.4666666666667,8.566666666666665,851.0,2.9943333333333335,348.59999999999997,0.0
0.0,277.8,8.256666666666668,851.0,3.0863333333333336,342.1666666666667,0.0
0.0,263.73333333333335,7.790333333333334,851.0,3.260666666666667,336.0333333333333,0.0
0.0,254.36666666666665,7.312666666666666,851.0,2.8273333333333333,331.03333333333336,0.0
0.0,250.53333333333333,5.814666666666667,851.0,1.9993333333333332,324.1,0.0
0.0,260.0,4.750333333333333,851.0,2.3190000000000004,324.46666666666664,0.0
0.0,253.33333333333337,4.440666666666666,851.0,1.5053333333333334,323.3666666666666,0.0
0.0,242.5666666666667,5.004666666666667,851.0,2.692,320.1666666666667,0.0
0.0,238.53333333333333,4.386333333333334,850.6666666666666,2.251,314.53333333333336,0.0
0.0,236.83333333333337,2.2023333333333333,850.3333333333334,2.046,308.76666666666665,0.0
0.0,238.66666666666663,2.131666666666667,850.0,2.555333333333333,308.40000000000003,0.0
0.0,238.5333333333333,0.673,850.0,1.849,306.1333333333334,0.0
0.0,253.8,2.5926666666666667,850.0,2.518333333333333,311.8666666666667,0.0
0.0,264.76666666666665,3.497666666666667,850.0,2.388666666666667,314.5333333333333,0.0
0.0,268.3,3.0543333333333336,850.0,2.008,313.40000000000003,0.0
0.0,260.7,2.8256666666666668,850.0,2.494666666666667,312.96666666666664,0.0
0.0,275.1,3.488,850.0,2.502333333333333,315.23333333333335,0.0
0.0,280.46666666666664,3.6946666666666665,850.0,2.4416666666666664,316.3333333333333,0.0
0.0,265.56666666666666,3.1326666666666667,850.0,2.343,313.3333333333333,0.0
0.0,271.53333333333336,2.5273333333333334,850.0,2.2136666666666667,312.93333333333334,0.0
0.0,258.99999999999994,2.5973333333333333,850.0,2.1296666666666666,311.7666666666667,0.0
0.0,238.19999999999996,2.414333333333333,850.0,2.5256666666666665,306.93333333333334,0.0
0.0,237.66666666666663,1.736666666666667,850.0,1.8183333333333336,303.76666666666665,0.0
0.35,242.63333333333333,1.428,850.0,2.267333333333333,304.59999999999997,0.0
17.813333333333333,241.76666666666665,1.4320000000000002,850.0,7.305666666666667,306.3,0.0
53.79,232.9,1.49,850.0,19.003333333333337,308.2,0.0
156.26666666666668,233.16666666666663,2.981333333333333,850.0,53.50333333333333,319.96666666666664,0.0
260.8666666666667,237.03333333333333,5.734333333333333,850.6666666666666,74.08666666666666,341.6666666666667,0.0
368.8666666666666,240.36666666666667,7.378,851.0,88.73333333333333,364.7,0.0
460.43333333333334,245.36666666666667,8.92,850.6666666666666,102.3,389.03333333333336,0.0
539.6666666666666,250.9333333333333,10.913333333333334,850.0,115.7,413.6,0.0
603.7666666666668,257.3333333333333,12.07,850.0,128.06666666666666,437.4,0.0
652.8000000000001,262.0333333333333,13.063333333333333,850.0,138.76666666666668,457.1666666666667,0.0
689.0666666666666,268.43333333333334,14.1,849.6666666666666,145.76666666666665,476.4,0.0
706.6,272.96666666666664,15.186666666666667,849.0,149.16666666666666,491.6666666666667,0.0
713.8333333333334,276.1333333333334,15.966666666666669,849.0,153.36666666666665,501.3333333333333,0.0
700.2000000000002,274.1333333333333,16.576666666666664,848.3333333333334,152.0,502.0,0.0
685.1999999999999,273.9666666666667,16.57,848.0,151.33333333333334,498.8,0.0
634.1333333333333,275.6666666666667,16.886666666666667,848.0,143.03333333333333,492.4666666666667,0.0
567.1333333333333,274.7666666666667,16.793333333333333,848.0,131.33333333333334,480.6666666666667,0.0
487.43333333333334,274.0,16.85666666666667,848.0,116.96666666666664,468.3,0.0
394.2999999999999,274.09999999999997,17.256666666666664,848.0,98.46666666666664,457.06666666666666,0.0
293.8666666666667,272.76666666666665,17.08666666666667,848.0,77.32000000000001,441.0333333333333,0.0
193.7,272.09999999999997,16.863333333333333,848.0,55.22666666666667,423.1666666666667,0.0
100.53,270.8,16.403333333333332,848.0,32.17,405.6333333333334,0.0
26.313333333333333,268.66666666666663,15.616666666666667,848.0,10.561666666666666,387.5,0.0
0.0,266.6666666666667,14.606666666666667,848.0,3.9713333333333334,369.9,0.0
0.0,265.3,13.323333333333332,849.0,3.9876666666666662,358.4333333333334,0.0
0.0,264.5,12.056666666666668,849.0,4.125333333333333,353.43333333333334,0.0
0.0,262.43333333333334,10.78,849.0,1.5653333333333332,350.8999999999999,0.0
0.0,260.49999999999994,9.613333333333337,849.0,1.33,346.8333333333333,0.0
0.0,259.56666666666666,9.226666666666668,849.0,1.8846666666666667,343.56666666666666,0.0
0.0,258.23333333333335,8.48,849.0,1.4593333333333334,341.1333333333334,0.0
0.0,257.3333333333333,8.28,849.3333333333334,1.4743333333333333,339.2666666666667,0.0
0.0,256.2666666666667,7.488,849.3333333333334,1.368,336.40000000000003,0.0
0.0,256.03333333333336,7.251666666666666,849.0,1.4900000000000002,334.8,0.0
0.0,255.3,7.199000000000001,849.0,1.4896666666666667,333.46666666666664,0.0
0.0,252.1,6.5906666666666665,849.0,1.7636666666666667,327.8,0.0
0.0,249.36666666666667,5.020666666666666,849.0,1.7563333333333333,320.90000000000003,0.0
0.0,248.33333333333337,5.130333333333334,849.0,2.5319999999999996,321.9,0.0
0.0,246.1,4.148,849.0,1.9926666666666664,317.90000000000003,0.0
0.0,244.63333333333333,2.9890000000000003,849.0,1.8023333333333331,313.8333333333333,0.0
0.0,244.5333333333333,3.1286666666666663,849.0,2.532666666666667,311.9,0.0
0.0,243.46666666666667,2.316333333333333,849.0,2.814333333333334,309.1333333333334,0.0
0.0,241.73333333333335,2.1193333333333335,849.0,1.7343333333333335,308.3,0.0
0.0,240.0,1.0799999999999998,849.0,2.754,304.3333333333333,0.0
0.0,240.30000000000004,1.6563333333333332,849.0,3.408333333333333,303.76666666666665,0.0
0.0,241.66666666666663,1.844666666666667,849.0,3.332333333333333,304.46666666666664,0.0
0.0,243.86666666666665,3.502666666666667,849.0,3.264333333333333,308.1666666666667,0.0
0.0,242.03333333333333,2.597,849.0,0.9966666666666668,304.9666666666667,0.0
0.0,241.83333333333337,1.321,849.0,2.3663333333333334,301.2333333333333,0.0
0.2966666666666667,239.4333333333333,0.4373333333333333,849.6666666666666,2.602,298.7333333333333,0.0
20.841666666666665,239.1,0.3906666666666666,850.0,9.739,299.4,0.0
83.40333333333332,239.26666666666668,1.4240000000000002,850.3333333333334,31.633333333333336,307.3,0.0
156.46666666666667,241.83333333333337,4.012666666666667,851.0,52.15333333333333,323.96666666666664,0.0
252.4333333333333,245.73333333333332,6.364,851.3333333333334,72.17333333333333,344.0666666666666,0.0
350.7333333333333,247.66666666666663,6.971,852.0,88.90000000000002,361.5,0.0
440.1666666666667,251.6,8.249666666666666,852.0,104.96666666666664,381.4,0.0
522.4,255.03333333333333,9.736666666666666,852.0,121.2,399.5,0.0
583.1999999999999,259.73333333333335,10.793333333333331,852.0,131.83333333333334,420.8666666666666,0.0
632.6666666666666,263.7666666666667,11.93,852.0,140.2,440.0333333333333,0.0
668.7333333333332,266.8666666666666,12.763333333333334,851.6666666666666,147.7,452.8666666666666,0.0
689.4333333333334,270.1333333333334,13.87,851.0,152.4,465.8666666666666,0.0
683.8666666666668,273.03333333333336,14.883333333333336,851.0,151.76666666666668,472.93333333333334,0.0
681.5,274.6,15.410000000000002,851.0,152.16666666666666,473.8666666666666,0.0
657.8333333333334,274.93333333333334,15.72,850.0,148.56666666666666,470.2,0.0
577.1,275.0,15.813333333333333,850.0,133.13333333333333,461.0,0.0
541.6,274.3333333333333,16.060000000000002,850.0,127.73333333333332,456.5,0.0
484.5333333333333,276.23333333333335,16.253333333333334,850.0,118.23333333333332,448.8999999999999,0.0
358.5333333333333,275.3333333333333,16.153333333333332,850.0,90.6,435.5,0.0
289.3333333333333,271.93333333333334,15.763333333333334,850.6666666666666,77.98333333333333,418.6333333333334,0.0
186.3,269.76666666666665,15.413333333333334,851.0,54.07,405.3333333333333,0.0
93.15666666666664,268.7,14.996666666666668,851.0,29.296666666666667,391.7,0.0
23.873333333333335,266.3666666666667,14.266666666666666,851.0,8.773666666666665,378.0,0.0
0.2656666666666666,264.2333333333333,13.403333333333334,851.6666666666666,2.499,366.76666666666665,0.0
0.0,263.1666666666667,13.026666666666666,852.0,2.5603333333333333,360.1333333333334,0.0
0.0,263.56666666666666,12.673333333333332,852.3333333333334,2.317,356.1000000000001,0.0
0.0,278.3666666666666,12.153333333333334,853.0,1.9226666666666663,356.0333333333333,0.0
0.0,277.56666666666666,11.896666666666668,853.0,1.6796666666666666,355.09999999999997,0.0
0.0,301.23333333333335,11.159999999999998,853.0,1.2386666666666668,355.7,0.0
0.0,321.63333333333327,11.340000000000002,853.0,1.0716666666666663,359.90000000000003,0.0
0.0,306.23333333333335,11.3,853.0,1.269,357.06666666666666,0.0
0.0,302.76666666666665,11.593333333333334,854.0,1.4973333333333334,356.3666666666666,0.0
0.0,304.3666666666667,11.57,854.0,1.5576666666666668,354.40000000000003,0.0
0.0,307.8333333333333,10.823333333333332,854.0,1.1246666666666667,351.3666666666666,0.0
0.0,287.03333333333336,9.89,854.0,1.6493333333333335,346.0666666666666,0.0
0.0,267.3666666666667,9.713333333333331,854.0,1.8013333333333332,342.6666666666667,0.0
0.0,283.1333333333334,9.323333333333332,853.6666666666666,1.3603333333333334,343.73333333333335,0.0
0.0,267.7666666666667,9.033333333333331,853.0,1.3073333333333332,341.06666666666666,0.0
0.0,260.73333333333335,8.72,853.0,1.5583333333333336,337.96666666666664,0.0
0.0,263.23333333333335,8.696666666666667,853.0,1.5733333333333333,337.5,0.0
0.0,260.5333333333333,8.433333333333335,853.0,1.3756666666666668,336.3,0.0
0.0,275.06666666666666,7.983,853.0,1.2616666666666667,336.66666666666663,0.0
0.0,281.46666666666664,7.750333333333334,853.0,1.368,337.3,0.0
0.0,263.40000000000003,7.396333333333334,853.0,1.3603333333333334,333.53333333333336,0.0
0.0,247.46666666666667,7.175999999999999,854.0,1.6113333333333333,329.40000000000003,0.0
0.0,245.3,7.018666666666667,854.0,1.497333333333333,327.8333333333333,0.0
0.0,245.6,6.840333333333334,854.0,1.596,326.7,0.0
0.0,249.6,6.745333333333334,854.0,1.6346666666666667,326.3,0.0
0.0,244.83333333333337,6.669999999999999,854.3333333333334,1.8246666666666669,324.56666666666666,0.0
13.608666666666666,244.7,6.192666666666667,855.0,5.886666666666667,323.49999999999994,0.0
52.79,246.73333333333335,5.982,855.0,16.58,326.56666666666666,0.0
88.36000000000001,251.96666666666667,6.000333333333334,855.3333333333334,22.266666666666666,332.36666666666673,0.0
153.56666666666666,261.1333333333334,6.367333333333334,856.0,37.696666666666665,342.2666666666667,0.0
310.0333333333333,265.43333333333334,6.890666666666665,856.0,75.53333333333333,363.26666666666665,0.0
385.4333333333334,247.66666666666663,7.355999999999999,856.0,91.27666666666666,377.4333333333334,0.0
502.2666666666667,250.96666666666667,8.299,856.0,114.2,400.93333333333334,0.0
565.2,255.4,9.48,855.3333333333334,124.26666666666668,422.3999999999999,0.0
617.7666666666667,259.46666666666664,10.693333333333332,855.0,133.76666666666665,442.23333333333335,0.0
650.9666666666667,262.6666666666667,11.170000000000002,855.0,139.76666666666665,457.8333333333333,0.0
671.2333333333332,264.8,11.286666666666669,855.0,145.23333333333335,468.3,0.0
674.4666666666666,267.96666666666664,12.306666666666668,854.0,147.0666666666667,478.4666666666667,0.0
650.2,270.1666666666667,13.033333333333331,854.0,141.63333333333333,482.8,0.0
633.8333333333334,270.59999999999997,13.27,853.3333333333334,140.70000000000002,483.8,0.0
594.4666666666667,271.03333333333336,13.906666666666666,853.0,132.86666666666667,482.0,0.0
532.1333333333333,270.09999999999997,14.033333333333331,853.0,122.46666666666664,473.26666666666665,0.0
453.2,268.8,14.31,853.0,108.43333333333334,459.1666666666667,0.0
363.93333333333334,268.6666666666667,14.4,853.0,90.7,447.3333333333333,0.0
276.0,267.1333333333333,14.206666666666669,853.0,73.22666666666667,428.6333333333334,0.0
180.26666666666665,266.06666666666666,13.956666666666669,853.0,52.61666666666667,411.3,0.0
89.51333333333334,264.73333333333335,13.63,853.0,29.30333333333333,392.9666666666667,0.0
22.53333333333333,262.99999999999994,13.146666666666668,853.0,9.233666666666666,377.6,0.0
0.205,259.56666666666666,12.64,853.6666666666666,3.045666666666667,365.56666666666666,0.0
0.0,255.19999999999996,11.703333333333331,854.0,2.241,357.43333333333334,0.0
0.0,251.33333333333337,10.563333333333334,854.0,2.629,348.6333333333334,0.0
0.0,247.5666666666667,8.310333333333334,855.0,1.4513333333333334,341.76666666666665,0.0
0.0,245.3,7.408333333333334,855.0,1.8316666666666668,336.8333333333333,0.0
0.0,243.23333333333335,6.813,855.0,1.8093333333333332,333.06666666666666,0.0
0.0,241.36666666666665,6.690666666666666,855.0,2.1206666666666667,330.3,0.0
0.0,239.0666666666667,6.327333333333333,855.0,2.311,326.53333333333336,0.0
0.0,236.16666666666663,4.250333333333333,855.0,1.034,321.06666666666666,0.0
0.0,236.56666666666663,4.291666666666667,855.0,2.874333333333333,318.53333333333336,0.0
0.0,235.73333333333335,5.316333333333334,854.6666666666666,3.202,316.96666666666664,0.0
0.0,235.23333333333335,4.5986666666666665,854.0,3.4453333333333336,314.40000000000003,0.0
0.0,231.76666666666665,2.010333333333333,854.0,1.194,308.53333333333336,0.0
0.0,233.0,2.455333333333334,853.6666666666666,2.935666666666666,308.6666666666667,0.0
0.0,230.5666666666667,0.6859999999999999,853.6666666666666,1.278,305.4,0.0
0.0,231.53333333333333,0.645,853.3333333333334,2.107666666666667,305.0333333333333,0.0
0.0,231.26666666666665,0.5863333333333333,853.0,2.4726666666666666,302.2,0.0
0.0,230.03333333333333,0.6526666666666667,853.0,2.0616666666666665,302.8,0.0
0.0,229.73333333333335,0.3216666666666666,853.0,1.978,301.6333333333334,0.0
0.0,232.2,1.257,853.0,1.7193333333333332,304.8333333333333,0.0
0.0,233.0,0.5493333333333333,853.0,1.7726666666666666,301.86666666666673,0.0
0.0,232.9,1.6980000000000002,853.0,2.701,302.1333333333334,0.0
0.0,229.9333333333333,0.0696666666666667,853.6666666666666,1.027,297.8666666666667,0.0
0.0,228.9,-1.3006666666666666,854.0,2.435,293.1666666666667,0.0
0.0,229.69999999999996,-0.4063333333333334,854.0,4.094666666666667,292.93333333333334,0.0
0.8446666666666666,230.73333333333335,-0.0103333333333333,854.0,3.485666666666667,293.23333333333335,0.0
20.86,230.4333333333333,-0.0893333333333333,854.0,9.504666666666669,296.3666666666667,0.0
68.90666666666665,229.36666666666667,0.4066666666666667,855.0,25.21666666666667,301.1333333333334,0.0
141.36666666666665,232.3,1.7173333333333332,855.0,47.129999999999995,314.8,0.0
239.0666666666667,235.66666666666663,2.746,855.0,67.73333333333333,331.9666666666667,0.0
337.1666666666667,237.4,3.6373333333333338,855.0,85.43333333333332,350.2666666666667,0.0
425.1666666666667,241.0666666666667,4.7010000000000005,855.0,100.7,370.3,0.0
496.2,246.36666666666667,6.031666666666666,854.0,113.23333333333332,391.5,0.0
524.9,255.76666666666665,7.334333333333333,854.0,116.66666666666669,408.8333333333333,0.0
616.8000000000001,261.06666666666666,8.586666666666666,854.0,135.5,430.3333333333333,0.0
628.4333333333333,264.23333333333335,9.41,853.3333333333334,137.6,443.7,0.0
657.7333333333333,271.5,10.646666666666668,853.0,144.70000000000002,459.1,0.0
575.7,278.8666666666666,11.563333333333333,852.3333333333334,126.83333333333331,460.1,0.0
468.23333333333335,286.40000000000003,11.813333333333333,852.0,103.63333333333333,445.6333333333334,0.0
323.56666666666666,287.73333333333335,11.566666666666668,852.0,71.53333333333333,427.4333333333334,0.0
281.0333333333333,301.5,11.493333333333332,852.0,63.10999999999999,414.6000000000001,0.0
588.9666666666666,285.6333333333333,12.083333333333334,852.0,137.76666666666665,446.3333333333333,0.0
273.06666666666666,278.09999999999997,12.17,851.0,63.75666666666666,419.3333333333333,0.0
148.36666666666667,298.59999999999997,11.68,852.0,33.45666666666667,396.8333333333333,0.0
95.62,305.96666666666664,11.323333333333332,852.0,21.659999999999997,386.4,0.0
75.72,309.7,10.963333333333331,852.0,17.843333333333334,379.2666666666667,0.0
54.623333333333335,300.8666666666667,10.866666666666667,852.0,13.62,374.2666666666667,0.0
13.394999999999998,293.4666666666667,10.626666666666663,852.0,4.833666666666667,365.7666666666667,0.0
0.0,307.26666666666665,10.303333333333333,852.6666666666666,1.5046666666666668,361.0,0.0
0.0,311.13333333333327,10.023333333333332,853.0,1.368,359.09999999999997,0.0
0.0,313.00000000000006,9.876666666666669,853.3333333333334,1.3223333333333334,357.6333333333334,0.0
0.0,310.43333333333334,9.82,854.0,1.3603333333333334,355.9333333333334,0.0
0.0,310.3,9.813333333333333,854.0,1.368,354.3,0.0
0.0,312.5,9.67,854.0,1.368,353.3666666666666,0.0
0.0,312.93333333333334,9.4,854.0,1.0563333333333331,352.5,0.0
0.0,314.56666666666666,8.74,854.0,0.7753333333333333,351.4666666666667,0.0
0.0,307.03333333333336,8.963333333333333,854.0,0.7146666666666667,351.1666666666667,0.0
0.0,304.3666666666667,8.303333333333333,855.0,0.456,348.4666666666667,0.0
0.0,307.93333333333334,7.672,854.6666666666666,0.456,347.0333333333333,0.0
0.0,309.3666666666666,6.9656666666666665,855.0,0.456,345.1333333333334,0.0
0.0,310.3,6.217333333333333,855.0,0.456,342.6666666666667,0.0
0.0,319.26666666666665,5.953,855.0,0.494,343.2,0.0
0.0,310.6666666666667,6.023,855.0,1.087,341.7333333333333,0.0
0.0,303.0,6.100666666666666,854.3333333333334,1.352666666666667,339.8333333333333,0.0
0.0,302.73333333333335,6.584333333333333,853.3333333333334,0.6766666666666667,340.73333333333335,0.0
0.0,301.3666666666666,6.432666666666667,853.0,0.7603333333333332,339.8,0.0
0.0,299.09999999999997,6.716,853.0,1.277,339.3,0.0
0.0,296.8333333333333,6.311,853.0,0.6536666666666667,337.6666666666667,0.0
0.0,267.8666666666667,5.752333333333333,852.0,0.973,331.73333333333335,0.0
0.0,243.4666666666667,4.980333333333333,852.0,1.3,324.53333333333336,0.0
0.0,251.5,4.401666666666667,852.0,1.3686666666666667,322.23333333333335,0.0
0.0,237.46666666666667,3.953333333333333,852.0,1.483,317.7333333333333,0.0
0.0,234.86666666666667,3.013333333333333,852.0,1.6956666666666669,313.06666666666666,0.0
0.0,233.0,2.1636666666666664,852.0,1.4986666666666668,310.4666666666667,0.0
15.257333333333335,231.0333333333333,1.02,852.0,7.1499999999999995,307.6666666666667,0.0
72.88666666666667,230.30000000000004,0.8793333333333333,852.0,28.423333333333332,309.5333333333333,0.0
134.46666666666667,231.1,0.6283333333333333,853.0,46.49666666666667,315.5,0.0
254.13333333333335,235.8,3.576,853.0,75.85000000000001,337.0,0.0
356.5333333333333,241.69999999999996,6.829,853.0,90.3,362.4666666666667,0.0
447.23333333333335,246.4,8.266,852.3333333333334,101.40000000000002,385.6666666666667,0.0
523.6666666666666,251.0666666666667,10.14,852.0,114.3,408.23333333333335,0.0
591.8000000000001,256.0333333333333,11.12,852.0,127.43333333333334,431.1666666666667,0.0
647.3666666666667,259.1666666666667,12.273333333333332,852.0,137.79999999999998,451.0333333333333,0.0
691.7999999999998,261.1666666666667,12.82,851.3333333333334,145.79999999999998,465.5333333333333,0.0
723.5666666666666,260.6666666666667,13.29,851.0,154.53333333333333,473.5333333333333,0.0
725.0,261.1333333333333,13.526666666666666,850.3333333333334,156.9,472.56666666666666,0.0
706.0666666666666,262.3666666666667,13.646666666666668,850.0,154.16666666666666,474.5333333333333,0.0
667.0000000000001,263.9666666666667,13.75,849.6666666666666,147.8,475.3666666666666,0.0
614.0,265.03333333333336,13.866666666666667,849.0,138.63333333333333,473.1333333333334,0.0
546.0333333333333,264.56666666666666,13.886666666666663,849.0,127.46666666666668,464.7333333333333,0.0
470.76666666666665,264.33333333333337,14.236666666666666,849.0,114.0,455.6333333333334,0.0
379.8,263.26666666666665,14.23,849.0,96.0,443.46666666666664,0.0
286.43333333333334,262.73333333333335,14.416666666666666,849.0,77.74333333333334,429.0333333333333,0.0
192.03333333333333,261.4666666666667,14.166666666666666,849.0,58.68666666666667,410.5,0.0
95.2,260.6666666666667,14.03,849.0,33.71666666666667,392.9666666666667,0.0
15.444666666666668,260.76666666666665,13.276666666666666,849.0,7.123666666666666,375.5333333333333,0.0
0.0,261.59999999999997,11.89,849.0,3.2656666666666663,361.9666666666667,0.0
0.0,262.43333333333334,10.856666666666667,850.0,3.7223333333333337,351.7,0.0
0.0,273.53333333333336,10.533333333333331,850.0,4.286,347.5,0.0
0.0,256.59999999999997,9.85,850.0,2.6826666666666665,345.40000000000003,0.0
0.0,253.2,8.663333333333334,850.0,1.664666666666667,341.09999999999997,0.0
0.0,250.6,7.206,850.0,1.4216666666666666,335.8666666666667,0.0
0.0,250.5,7.238333333333333,850.0,1.8013333333333332,334.16666666666663,0.0
0.0,249.0,6.653666666666666,850.0,1.8853333333333335,331.2,0.0
0.0,248.5,6.686333333333334,849.3333333333334,2.22,329.76666666666665,0.0
0.0,248.1,6.567666666666667,849.0,1.9236666666666664,328.26666666666665,0.0
0.0,247.96666666666667,6.340333333333334,849.0,1.8626666666666667,327.1666666666667,0.0
0.0,247.4666666666667,6.178666666666667,849.0,1.6806666666666663,326.3333333333333,0.0
0.0,245.4333333333333,5.999333333333333,848.6666666666666,2.220333333333333,322.2333333333333,0.0
0.0,242.76666666666665,4.981333333333333,848.0,2.19,318.43333333333334,0.0
0.0,241.4,4.592666666666666,848.0,1.8023333333333331,316.8333333333333,0.0
0.0,239.66666666666663,3.346333333333334,848.0,1.2623333333333333,314.23333333333335,0.0
0.0,237.9333333333333,2.6846666666666668,848.0,1.8633333333333333,311.59999999999997,0.0
0.0,236.73333333333335,2.2153333333333336,848.0,2.076333333333334,309.3,0.0
0.0,235.96666666666667,1.780333333333333,848.0,2.183,307.46666666666664,0.0
0.0,235.4333333333333,1.3256666666666668,848.0,1.8556666666666668,306.63333333333327,0.0
0.0,237.0666666666667,1.106666666666667,848.0,1.7036666666666669,304.0,0.0
0.0,235.9333333333333,0.4670000000000001,847.3333333333334,1.712,302.6333333333333,0.0
0.0,236.73333333333335,1.3976666666666666,847.0,2.2063333333333333,302.8333333333333,0.0
0.0,235.73333333333335,0.737,847.0,2.2750000000000004,300.1333333333333,0.0
0.0,235.3,0.6863333333333334,847.0,1.811,298.06666666666666,0.0
0.1523333333333333,234.63333333333335,-0.009,848.0,2.8230000000000004,296.8333333333333,0.0
13.166666666666666,233.6,-0.2966666666666667,848.0,6.254333333333332,296.03333333333336,0.0
71.62666666666667,235.1,0.4733333333333333,848.3333333333334,27.343333333333337,303.09999999999997,0.0
147.70000000000002,237.03333333333333,2.334,849.0,51.056666666666665,317.3,0.0
248.76666666666665,243.9333333333333,5.062,849.0,72.67,338.1666666666667,0.0
344.5666666666666,260.23333333333335,8.352333333333332,849.0,85.83333333333333,365.8,0.0
375.23333333333335,267.40000000000003,10.33,849.0,85.33666666666666,385.8666666666666,0.0
503.5333333333333,259.90000000000003,11.033333333333331,849.0,112.23333333333332,408.9666666666667,0.0
572.4000000000001,262.23333333333335,12.033333333333331,849.0,127.0,426.7666666666667,0.0
627.5666666666666,263.53333333333336,12.936666666666667,848.3333333333334,139.23333333333335,438.5,0.0
669.3333333333334,264.73333333333335,13.216666666666669,848.0,146.83333333333334,448.5333333333333,0.0
691.2333333333332,266.3333333333333,13.406666666666666,848.0,151.0666666666667,456.56666666666666,0.0
681.3000000000001,268.8,13.643333333333333,847.6666666666666,149.93333333333334,462.1333333333334,0.0
664.6666666666666,270.1666666666667,13.793333333333337,847.0,147.46666666666667,463.6666666666667,0.0
626.1999999999999,274.5,14.036666666666669,847.0,142.1,461.3333333333333,0.0
544.4666666666667,276.7,14.136666666666663,847.0,126.7,451.5666666666666,0.0
494.7666666666667,277.8,14.326666666666668,846.6666666666666,118.36666666666667,445.9666666666667,0.0
420.4666666666667,278.8666666666666,14.26,846.3333333333334,103.6,438.8,0.0
313.3333333333333,278.06666666666666,14.133333333333333,847.0,80.74,421.1666666666667,0.0
220.7,277.7,14.1,847.0,59.46,406.5666666666666,0.0
113.5,288.1333333333334,13.916666666666666,847.0,30.006666666666664,393.93333333333334,0.0
45.946666666666665,294.93333333333334,13.56,847.3333333333334,12.35,383.8999999999999,0.0
8.651666666666666,329.90000000000003,13.093333333333334,848.0,3.2886666666666664,380.43333333333334,0.0
0.0,334.96666666666664,12.74,848.0,1.162,376.93333333333334,0.0
0.0,324.06666666666666,12.49,848.3333333333334,0.8203333333333332,372.8333333333333,0.0
0.0,308.3,12.323333333333332,849.0,1.2306666666666668,367.9666666666667,0.0
0.0,301.3333333333333,11.823333333333332,849.3333333333334,1.3293333333333333,363.1666666666667,0.0
0.0,290.1,10.936666666666667,850.0,1.3676666666666668,355.5333333333333,0.0
0.0,276.7333333333333,9.863333333333332,850.0,1.5046666666666668,347.4666666666667,0.0
0.0,267.1666666666667,8.783333333333333,850.3333333333334,1.725,342.23333333333335,0.0
0.0,258.1666666666667,7.275666666666666,851.0,1.2083333333333333,336.83333333333337,0.0
0.0,252.5333333333333,6.531333333333333,851.0,1.398666666666667,332.09999999999997,0.0
0.0,246.63333333333333,5.640666666666667,851.0,1.7406666666666666,327.03333333333336,0.0
0.0,242.76666666666665,5.154333333333334,851.0,2.014666666666667,323.0,0.0
0.0,240.2,4.6930000000000005,851.0,2.129,320.00000000000006,0.0
0.0,238.63333333333333,4.209666666666666,851.0,2.068333333333334,317.7,0.0
0.0,236.9,3.6626666666666665,851.0,1.9770000000000003,314.1,0.0
0.0,235.16666666666663,3.4883333333333333,851.0,2.0690000000000004,313.43333333333334,0.0
0.0,230.76666666666665,2.909333333333333,851.0,1.7266666666666666,310.8333333333333,0.0
0.0,228.46666666666667,2.1646666666666667,851.0,1.848,307.6,0.0
0.0,226.5,1.895333333333333,851.0,2.084,305.6,0.0
0.0,225.76666666666665,1.6189999999999998,851.0,1.947,304.40000000000003,0.0
0.0,225.23333333333332,1.4986666666666668,851.0,1.9016666666666664,303.46666666666664,0.0
0.0,223.19999999999996,1.0583333333333331,851.0,1.856,300.2333333333333,0.0
0.0,221.9,-0.124,851.0,1.9396666666666669,295.7,0.0
0.0,220.4,-0.583,851.0,2.2216666666666667,293.7,0.0
0.0,218.3,-1.3866666666666667,851.3333333333334,1.971,290.93333333333334,0.0
0.0,218.5,-1.6263333333333332,852.0,2.002,290.56666666666666,0.0
0.0,219.8,-1.533,852.0,2.2223333333333333,290.3666666666667,0.0
12.511333333333331,220.6,-1.5883333333333332,852.0,6.158,290.20000000000005,0.0
70.30666666666666,221.19999999999996,-1.0506666666666666,852.0,26.703333333333337,295.53333333333336,0.0
147.13333333333333,223.9,0.761,852.0,51.583333333333336,309.3333333333333,0.0
239.16666666666663,227.0,1.4423333333333332,852.0,70.19666666666667,326.09999999999997,0.0
333.20000000000005,233.5,3.872,852.0,85.23333333333333,347.90000000000003,0.0
426.4,240.4333333333333,6.136666666666667,852.0,101.03333333333336,372.56666666666666,0.0
510.7,244.8,7.704000000000001,852.0,117.93333333333334,395.8333333333333,0.0
581.1666666666666,250.0333333333333,9.47,852.0,133.26666666666665,418.9333333333334,0.0
640.4999999999999,255.2,11.726666666666668,851.0,146.4,439.0333333333333,0.0
676.4666666666667,259.23333333333335,12.963333333333331,851.0,150.6,458.93333333333334,0.0
706.4333333333334,260.73333333333335,13.466666666666669,851.0,155.7,471.5333333333333,0.0
713.7999999999998,261.00000000000006,14.083333333333334,850.6666666666666,159.06666666666666,477.3666666666666,0.0
693.7333333333332,264.1333333333333,14.523333333333332,850.0,156.23333333333332,478.76666666666665,0.0
647.3333333333334,266.06666666666666,14.76,850.0,148.1,475.6666666666667,0.0
605.4999999999999,265.93333333333334,15.156666666666666,850.0,141.86666666666667,472.9333333333334,0.0
542.9,264.8,15.32,850.0,130.0,468.43333333333334,0.0
463.0,263.6666666666667,15.473333333333334,850.0,115.26666666666668,459.8666666666666,0.0
369.06666666666666,263.06666666666666,15.67,850.0,96.03333333333336,445.93333333333334,0.0
273.8333333333333,261.26666666666665,15.72,850.0,76.66,428.5333333333333,0.0
175.36666666666665,260.03333333333336,15.46,850.0,54.17666666666667,410.7,0.0
78.92,258.6666666666667,14.96,850.0,27.763333333333335,391.6333333333334,0.0
12.974666666666666,256.73333333333335,13.803333333333336,850.0,6.6129999999999995,372.6666666666667,0.0
0.0,253.5666666666667,12.096666666666666,850.0,3.151666666666667,355.73333333333335,0.0
0.0,251.06666666666663,11.143333333333333,850.0,4.421333333333334,346.0,0.0
0.0,249.4,9.97,850.3333333333334,2.9023333333333334,342.9666666666667,0.0
0.0,247.63333333333333,8.340000000000002,851.0,1.7786666666666668,339.09999999999997,0.0
0.0,244.83333333333337,7.390666666666667,851.0,1.5200000000000002,335.43333333333334,0.0
0.0,243.33333333333337,6.718333333333334,851.0,1.8243333333333336,331.8,0.0
0.0,243.66666666666663,6.069333333333333,851.0,1.596,329.06666666666666,0.0
0.0,243.4,5.191999999999999,851.0,2.22,323.6666666666667,0.0
0.0,242.96666666666667,5.474,851.0,3.2463333333333337,321.56666666666666,0.0
0.0,242.9,5.967333333333333,851.0,3.604000000000001,320.43333333333334,0.0
0.0,240.26666666666665,4.126666666666667,851.0,1.5056666666666665,317.8333333333333,0.0
0.0,241.0666666666667,4.6226666666666665,851.0,1.9769999999999996,317.90000000000003,0.0
0.0,238.0666666666667,4.462666666666666,851.0,1.7493333333333334,315.6333333333334,0.0
0.0,235.26666666666665,3.6173333333333337,851.0,2.107,309.26666666666665,0.0
0.0,233.83333333333337,1.9380000000000004,851.0,1.536333333333333,303.8333333333333,0.0
0.0,229.33333333333337,-0.089,851.0,1.9929999999999997,300.56666666666666,0.0
0.0,229.96666666666667,0.7113333333333335,851.0,3.1116666666666664,300.2,0.0
0.0,230.23333333333335,0.4063333333333334,851.0,2.7163333333333335,299.06666666666666,0.0
0.0,232.5,2.2826666666666666,850.0,3.5533333333333332,302.43333333333334,0.0
0.0,233.33333333333337,2.639666666666667,850.0,2.4423333333333335,301.33333333333337,0.0
0.0,231.83333333333337,1.3783333333333332,850.0,2.0996666666666663,298.53333333333336,0.0
0.0,232.0666666666667,2.355,850.0,2.7006666666666668,300.6333333333333,0.0
0.0,230.3,1.9413333333333336,850.0,1.7496666666666665,299.40000000000003,0.0
0.0,229.4,1.153,850.0,1.453,299.56666666666666,0.0
0.0,230.23333333333335,1.3976666666666666,850.0,1.719666666666667,300.8666666666666,0.0
0.0,227.3,1.1093333333333333,850.0,2.099666666666667,298.40000000000003,0.0
12.798000000000002,226.7,1.0036666666666667,850.6666666666666,6.907666666666667,297.6666666666667,0.0
74.56,224.63333333333333,0.385,851.0,30.8,298.4,0.0
154.23333333333332,226.83333333333337,2.071,851.0,56.71333333333333,312.8666666666667,0.0
250.0333333333333,230.5666666666667,3.975,851.0,75.36,333.1666666666667,0.0
355.4666666666667,235.5,6.686,851.0,92.46666666666664,357.40000000000003,0.0
447.8333333333333,240.66666666666663,9.153333333333334,851.0,106.83333333333331,382.9666666666667,0.0
527.4666666666667,246.26666666666665,11.05,851.0,120.0,408.0333333333333,0.0
591.0,251.66666666666663,12.603333333333332,851.0,131.70000000000002,432.2666666666667,0.0
646.2666666666668,256.06666666666666,13.653333333333334,851.0,142.66666666666666,452.26666666666665,0.0
690.5333333333334,258.09999999999997,14.233333333333334,850.0,152.29999999999998,467.2,0.0
712.9,260.56666666666666,14.876666666666669,850.0,157.16666666666666,479.6666666666667,0.0
720.7000000000002,261.56666666666666,15.28,849.3333333333334,159.73333333333332,489.2,0.0
705.0333333333333,264.3666666666667,16.2,849.0,156.9,497.1666666666667,0.0
677.2666666666667,264.5,16.47,849.0,152.6,496.8,0.0
617.4666666666666,265.0333333333333,16.90666666666667,849.0,143.20000000000002,489.7,0.0
556.0,265.20000000000005,17.25666666666667,848.3333333333334,133.1,484.2,0.0
474.5333333333333,264.8333333333333,17.56,848.0,118.0,470.9666666666667,0.0
387.26666666666665,262.2333333333333,17.540000000000003,848.0,101.86666666666667,456.8,0.0
295.2333333333333,261.56666666666666,17.596666666666668,848.0,84.46666666666667,439.5666666666666,0.0
192.4333333333333,260.96666666666664,17.5,848.0,61.903333333333336,420.8333333333333,0.0
91.25666666666666,258.2,17.113333333333333,848.0,34.48333333333334,399.8333333333333,0.0
9.899666666666668,257.8333333333333,16.05,848.0,6.0120000000000005,376.8666666666666,0.0
0.0,254.8,14.633333333333333,849.0,3.2726666666666664,359.76666666666665,0.0
0.0,252.4,13.793333333333331,849.0,3.813,349.40000000000003,0.0
0.0,250.23333333333335,11.18,849.0,2.0893333333333337,345.7,0.0
0.0,247.46666666666667,8.976666666666667,849.0,1.5503333333333331,340.56666666666666,0.0
0.0,247.23333333333332,8.295,849.0,1.6416666666666666,337.06666666666666,0.0
0.0,246.5666666666667,7.705666666666666,849.0,1.649,334.3,0.0
0.0,243.9333333333333,6.694333333333333,849.3333333333334,1.285,330.6666666666667,0.0
0.0,243.6,6.207666666666667,849.3333333333334,1.4593333333333334,328.3666666666666,0.0
0.0,242.86666666666667,5.701666666666665,849.0,1.612,325.76666666666665,0.0
0.0,243.33333333333337,5.660666666666667,849.0,1.5663333333333334,324.0333333333333,0.0
