Gs_1,Gs_2,Gs_3,Ts_0cm,Ts_2cm,Ts_4cm,Ts_10cm,Ts_20cm,Ts_40cm,Ts_60cm,Ts_100cm,Ms_2cm
-37.71666666666666,-41.830000000000005,-40.11333333333334,5.093333333333333,11.773333333333332,14.083333333333334,14.816666666666668,16.856666666666666,13.246666666666664,11.446666666666664,10.643333333333333,2.213
-33.629999999999995,-35.39333333333334,-31.84,6.448,11.626666666666663,13.676666666666668,14.340000000000002,16.616666666666664,13.3,11.413333333333332,10.65,2.214
-27.983333333333334,-26.906666666666663,-22.606666666666666,7.978333333333334,11.756666666666668,13.426666666666668,13.99,16.376666666666665,13.36,11.44,10.626666666666669,2.2183333333333333
-22.540000000000003,-20.28,-16.06,8.780000000000001,12.0,13.353333333333332,13.786666666666669,16.136666666666667,13.38,11.44,10.65,2.2353333333333336
-18.01,-16.060000000000002,-15.433333333333332,8.956666666666665,12.18,13.323333333333332,13.683333333333335,15.893333333333336,13.39,11.43,10.6,2.25
-17.16333333333333,-16.77333333333333,-17.680000000000003,8.69,12.223333333333334,13.293333333333331,13.633333333333336,15.703333333333331,13.486666666666666,11.466666666666669,10.653333333333334,2.252666666666667
-17.913333333333334,-19.453333333333333,-22.25666666666667,7.899000000000001,12.026666666666666,13.183333333333332,13.536666666666669,15.533333333333331,13.493333333333334,11.483333333333334,10.663333333333334,2.248
-19.76,-22.426666666666662,-25.463333333333335,6.609333333333333,11.686666666666667,12.96,13.383333333333333,15.336666666666666,13.476666666666668,11.473333333333334,10.656666666666666,2.2353333333333336
-22.209999999999997,-25.456666666666667,-27.24333333333333,5.975333333333334,11.300000000000002,12.726666666666668,13.176666666666668,15.203333333333331,13.543333333333331,11.486666666666666,10.696666666666667,2.221
-24.77,-29.77,-35.18666666666667,4.690666666666667,10.776666666666666,12.40333333333333,12.93,15.06,13.55,11.503333333333332,10.703333333333331,2.212333333333333
-28.373333333333335,-33.67333333333334,-36.666666666666664,4.326666666666667,10.153333333333334,11.983333333333333,12.616666666666667,14.92,13.593333333333334,11.55,10.73,2.1959999999999997
-29.126666666666665,-33.11333333333334,-34.296666666666674,4.261,9.713333333333331,11.543333333333331,12.22,14.753333333333332,13.6,11.526666666666666,10.686666666666667,2.1806666666666668
-28.376666666666665,-31.53,-32.50333333333334,4.027666666666667,9.396666666666668,11.196666666666664,11.876666666666663,14.566666666666668,13.573333333333332,11.496666666666668,10.663333333333332,2.1746666666666665
-29.536666666666665,-34.723333333333336,-38.43666666666667,2.260666666666667,8.953333333333333,10.866666666666667,11.57,14.420000000000002,13.553333333333333,11.506666666666666,10.656666666666666,2.17
-32.73,-38.526666666666664,-40.416666666666664,1.4483333333333333,8.35,10.46,11.25,14.256666666666668,13.563333333333334,11.566666666666668,10.706666666666669,2.1516666666666664
-34.47666666666667,-40.11666666666667,-40.49666666666667,0.6956666666666668,7.801666666666667,10.02,10.853333333333332,14.08,13.546666666666669,11.550000000000002,10.71,2.1326666666666667
-33.24666666666666,-35.343333333333334,-26.316666666666663,2.746,7.653333333333333,9.683333333333332,10.503333333333332,13.92,13.583333333333334,11.546666666666669,10.71,2.1316666666666664
-23.936666666666667,-17.146666666666665,4.414333333333333,6.525000000000001,8.338666666666667,9.62,10.206666666666663,13.693333333333332,13.52,11.556666666666668,10.7,2.167666666666667
-9.117333333333333,1.0693333333333337,17.666666666666668,8.207,9.71,10.106666666666667,10.313333333333333,13.513333333333334,13.536666666666669,11.586666666666668,10.7,2.215
2.891666666666667,16.983333333333334,40.60666666666666,11.376666666666669,11.106666666666664,10.813333333333333,10.693333333333332,13.326666666666666,13.51,11.606666666666667,10.753333333333332,2.2656666666666667
23.353333333333335,45.94,74.91666666666667,15.763333333333334,13.596666666666666,11.92,11.313333333333333,13.173333333333334,13.483333333333334,11.593333333333334,10.733333333333334,2.347
37.31333333333333,56.68666666666667,75.73666666666666,17.376666666666665,15.716666666666669,13.4,12.33,13.079999999999998,13.503333333333332,11.65,10.746666666666668,2.414
46.30666666666667,65.17,84.14333333333333,18.92,17.47,14.753333333333332,13.386666666666663,13.003333333333332,13.463333333333331,11.65,10.716666666666669,2.4773333333333336
56.31666666666666,78.42,98.73333333333332,21.076666666666668,19.463333333333335,16.136666666666667,14.486666666666666,13.06,13.426666666666668,11.676666666666668,10.78,2.541333333333333
63.68,83.79666666666667,100.46666666666664,22.613333333333333,21.156666666666663,17.526666666666667,15.65,13.12,13.416666666666666,11.67,10.783333333333331,2.598333333333333
74.08666666666667,97.6,114.7,24.596666666666668,23.17,18.94333333333333,16.813333333333333,13.27,13.35,11.663333333333334,10.736666666666666,2.6596666666666664
79.47,100.23333333333336,106.96666666666664,25.456666666666667,24.786666666666665,20.36666666666667,18.06,13.483333333333334,13.323333333333332,11.67,10.766666666666666,2.699666666666667
79.94666666666666,97.8,99.76666666666664,26.03,25.94333333333333,21.59,19.23,13.763333333333334,13.29,11.663333333333334,10.803333333333336,2.723333333333333
78.1,92.86666666666667,90.1,26.496666666666663,26.756666666666664,22.563333333333333,20.24,14.076666666666666,13.253333333333332,11.666666666666666,10.776666666666666,2.7283333333333335
72.33333333333333,82.7,76.00333333333333,26.15,27.063333333333333,23.27666666666667,21.073333333333338,14.433333333333332,13.26,11.67,10.76,2.725
67.79,79.11666666666667,72.92666666666668,26.436666666666667,27.373333333333335,23.763333333333335,21.706666666666667,14.806666666666668,13.216666666666669,11.686666666666666,10.77,2.723333333333333
55.00666666666666,53.15,29.66,24.006666666666664,26.623333333333335,24.00333333333333,22.2,15.199999999999998,13.2,11.69,10.78,2.683
44.17666666666667,42.79333333333333,30.823333333333338,23.913333333333338,25.896666666666665,23.8,22.323333333333338,15.586666666666668,13.17,11.696666666666667,10.78,2.6519999999999997
36.55666666666667,34.303333333333335,22.52,22.98,25.296666666666667,23.566666666666663,22.320000000000004,15.95,13.166666666666666,11.753333333333336,10.803333333333333,2.6333333333333333
27.633333333333336,24.22,9.253,21.886666666666667,24.546666666666667,23.24,22.19666666666667,16.266666666666666,13.146666666666668,11.75,10.833333333333334,2.6006666666666667
15.483333333333334,7.902333333333332,-11.316,19.453333333333333,23.38,22.736666666666665,21.959999999999997,16.563333333333333,13.156666666666666,11.75,10.833333333333334,2.5576666666666665
0.6479999999999998,-9.926666666666668,-29.52666666666667,16.953333333333333,21.763333333333332,21.929999999999996,21.486666666666668,16.80333333333333,13.18,11.783333333333331,10.823333333333332,2.5003333333333333
-8.445666666666666,-16.77333333333333,-29.25,15.873333333333331,20.433333333333337,20.996666666666663,20.816666666666663,16.986666666666665,13.163333333333332,11.78,10.843333333333334,2.461
-12.8,-19.58,-30.30333333333333,14.87,19.416666666666668,20.186666666666664,20.143333333333334,17.13,13.183333333333332,11.793333333333331,10.853333333333332,2.4293333333333336
-15.82,-21.603333333333335,-30.583333333333332,14.13,18.536666666666665,19.463333333333335,19.526666666666667,17.2,13.226666666666668,11.83,10.836666666666666,2.411
-18.113333333333333,-24.186666666666667,-35.336666666666666,12.803333333333333,17.709999999999997,18.793333333333333,18.930000000000003,17.216666666666665,13.24,11.803333333333336,10.839999999999998,2.387
-22.15,-28.62,-37.17333333333334,11.9,16.746666666666666,18.073333333333338,18.323333333333338,17.19,13.266666666666666,11.77,10.83,2.3699999999999997
-24.73333333333333,-31.22,-39.45333333333333,10.736666666666666,15.893333333333333,17.38333333333333,17.723333333333333,17.103333333333335,13.296666666666669,11.783333333333331,10.853333333333332,2.342
-26.37,-31.55333333333333,-36.88999999999999,10.356666666666667,15.183333333333335,16.746666666666666,17.156666666666666,17.066666666666666,13.323333333333332,11.793333333333331,10.846666666666666,2.335666666666667
-25.956666666666667,-29.94,-34.973333333333336,9.963333333333331,14.663333333333334,16.186666666666667,16.616666666666667,16.939999999999998,13.37,11.81,10.853333333333332,2.3236666666666665
-26.17,-29.929999999999996,-34.306666666666665,9.436666666666667,14.163333333333332,15.713333333333331,16.156666666666666,16.80333333333333,13.42,11.8,10.876666666666663,2.308333333333333
-26.25,-30.0,-35.059999999999995,8.736666666666666,13.683333333333332,15.253333333333332,15.72,16.663333333333334,13.456666666666663,11.77,10.863333333333337,2.2976666666666667
-27.37,-31.44333333333333,-35.59666666666667,8.136666666666667,13.160000000000002,14.810000000000002,15.306666666666668,16.52,13.493333333333334,11.82,10.913333333333334,2.295
-27.67,-31.44666666666667,-34.97,7.672666666666667,12.663333333333334,14.333333333333334,14.86,16.34,13.493333333333334,11.776666666666666,10.856666666666667,2.2856666666666663
-27.886666666666667,-31.566666666666663,-34.73,7.142,12.233333333333334,13.926666666666668,14.483333333333334,16.163333333333334,13.546666666666669,11.826666666666666,10.83,2.271666666666667
-28.9,-33.306666666666665,-37.38,6.203666666666667,11.763333333333334,13.550000000000002,14.13,16.016666666666666,13.593333333333334,11.83,10.88,2.257
-30.013333333333335,-34.15,-36.37333333333333,5.766000000000001,11.266666666666666,13.11,13.74,15.833333333333334,13.64,11.796666666666669,10.876666666666663,2.255333333333333
-31.176666666666662,-36.14000000000001,-38.82333333333333,4.917000000000001,10.75,12.696666666666667,13.356666666666667,15.67,13.663333333333334,11.823333333333332,10.920000000000002,2.24
-31.463333333333335,-35.53666666666667,-37.016666666666666,4.580333333333333,10.329999999999998,12.28,12.966666666666669,15.476666666666668,13.673333333333334,11.839999999999998,10.9,2.2263333333333333
-31.176666666666662,-34.43333333333334,-33.589999999999996,4.808,10.013333333333334,11.923333333333334,12.62,15.316666666666668,13.716666666666669,11.9,10.92,2.215666666666667
-29.073333333333338,-31.41,-30.929999999999996,4.721333333333334,9.86,11.643333333333333,12.306666666666668,15.123333333333337,13.72,11.893333333333333,10.946666666666667,2.2163333333333335
-29.236666666666668,-33.14333333333334,-35.29333333333333,3.801,9.483333333333333,11.346666666666666,12.01,14.903333333333334,13.753333333333332,11.86,10.943333333333332,2.215333333333333
-30.74666666666667,-35.11666666666667,-36.98333333333333,3.094333333333333,9.026666666666666,10.976666666666668,11.683333333333332,14.696666666666664,13.71,11.86,10.910000000000002,2.213333333333334
-32.080000000000005,-36.74,-38.71666666666667,2.4643333333333337,8.586666666666666,10.63,11.386666666666663,14.52,13.763333333333334,11.886666666666668,10.97,2.197333333333334
-32.46666666666667,-36.196666666666665,-36.46,2.3453333333333335,8.233333333333333,10.27,11.063333333333333,14.353333333333332,13.766666666666666,11.89,10.956666666666663,2.186
-31.123333333333335,-33.63333333333333,-32.40333333333333,2.6523333333333334,8.009333333333334,9.933333333333332,10.71,14.123333333333331,13.733333333333334,11.913333333333334,10.92,2.185
-29.25,-31.453333333333333,-30.94333333333333,2.5223333333333335,7.892666666666667,9.73,10.486666666666666,13.94,13.743333333333334,11.93,10.936666666666667,2.184
-28.48333333333333,-30.94666666666667,-30.80333333333333,2.2363333333333335,7.712333333333333,9.513333333333334,10.256666666666666,13.756666666666666,13.723333333333334,11.913333333333334,10.923333333333332,2.180333333333333
-28.046666666666667,-30.23,-27.95,2.537333333333333,7.504666666666666,9.26,10.013333333333334,13.53,13.686666666666667,11.876666666666669,10.883333333333336,2.178666666666667
-25.013333333333335,-24.203333333333333,-14.190666666666669,4.300333333333334,7.701666666666667,9.183333333333332,9.86,13.373333333333331,13.68,11.916666666666666,10.923333333333334,2.1953333333333336
-16.796666666666667,-10.781999999999998,3.1186666666666665,5.987666666666667,8.47,9.343333333333334,9.84,13.196666666666667,13.663333333333334,11.916666666666666,10.976666666666668,2.2246666666666672
-9.956666666666669,-3.28,12.734666666666667,7.384666666666668,9.26,9.76,10.006666666666666,13.066666666666668,13.68,11.966666666666669,11.01,2.254333333333333
3.852,19.02,43.453333333333326,10.78,10.753333333333332,10.383333333333333,10.296666666666669,12.896666666666668,13.653333333333334,11.953333333333331,10.976666666666668,2.311
19.82,37.51333333333333,60.19333333333333,13.756666666666666,12.8,11.449999999999998,10.93,12.766666666666666,13.606666666666667,11.956666666666669,10.983333333333334,2.3833333333333333
35.52666666666667,56.879999999999995,81.56666666666666,17.13,15.083333333333334,12.786666666666669,11.816666666666668,12.683333333333332,13.583333333333334,11.949999999999998,10.966666666666669,2.4613333333333336
46.96,64.23333333333333,75.71666666666667,17.97666666666667,17.01666666666667,14.273333333333332,12.92,12.646666666666668,13.579999999999998,12.0,11.01,2.525
49.123333333333335,63.81,71.91333333333333,18.836666666666662,18.27333333333333,15.456666666666669,13.96,12.68,13.533333333333331,12.016666666666666,11.04,2.563
58.73333333333334,81.26666666666667,105.90000000000002,22.42,20.21333333333333,16.64333333333333,14.943333333333332,12.766666666666666,13.496666666666668,11.993333333333334,11.01,2.6253333333333333
79.2,107.43333333333332,132.16666666666666,25.063333333333336,23.069999999999997,18.386666666666667,16.18,12.926666666666668,13.453333333333331,12.0,11.016666666666666,2.707333333333333
87.86666666666667,108.93333333333334,106.99666666666668,25.176666666666662,25.026666666666667,20.16,17.633333333333333,13.12,13.406666666666666,11.98,10.99,2.7550000000000003
73.40333333333332,80.10666666666667,73.82666666666667,24.233333333333334,25.02333333333333,21.156666666666663,18.866666666666667,13.403333333333334,13.353333333333332,12.0,11.01,2.73
72.13,87.83333333333333,99.26666666666668,26.24666666666667,25.88,21.80333333333333,19.636666666666667,13.72,13.336666666666666,12.0,11.013333333333334,2.738999999999999
75.75666666666666,86.86666666666667,78.36333333333333,25.28,26.843333333333337,22.77333333333333,20.51,14.093333333333334,13.293333333333337,12.036666666666669,10.993333333333334,2.7503333333333333
62.73333333333333,66.23,55.24666666666667,24.633333333333336,26.50666666666667,23.209999999999997,21.2,14.48,13.25,12.050000000000002,10.993333333333334,2.7176666666666662
55.73666666666666,61.60666666666666,60.696666666666665,25.526666666666667,26.39,23.353333333333335,21.570000000000004,14.87,13.246666666666668,12.036666666666669,10.993333333333334,2.7006666666666668
53.72,55.18666666666667,38.49,23.723333333333333,26.42,23.65,21.930000000000003,15.253333333333332,13.256666666666666,12.036666666666669,11.006666666666666,2.686
38.05,32.95666666666667,16.966666666666665,21.986666666666668,25.363333333333333,23.486666666666668,22.11,15.62,13.243333333333334,12.056666666666668,11.056666666666668,2.642333333333333
28.363333333333333,25.05333333333333,11.906666666666666,21.333333333333332,24.53333333333333,23.063333333333333,21.94,15.943333333333332,13.206666666666669,12.023333333333332,11.026666666666666,2.607
20.37,15.1,0.7583333333333333,19.976666666666667,23.66333333333333,22.65,21.73,16.25,13.186666666666667,12.073333333333332,11.073333333333332,2.5726666666666667
11.886666666666663,4.874666666666666,-11.808,18.186666666666667,22.643333333333334,22.106666666666666,21.403333333333336,16.503333333333334,13.160000000000002,12.046666666666669,11.06,2.5356666666666667
2.752333333333333,-4.910666666666667,-18.48333333333333,16.74,21.49333333333333,21.44333333333334,20.976666666666667,16.733333333333334,13.196666666666667,12.043333333333331,11.073333333333332,2.4956666666666667
-4.320333333333333,-12.886666666666663,-26.97,15.076666666666668,20.353333333333335,20.716666666666665,20.45,16.893333333333334,13.223333333333334,12.08,11.093333333333334,2.4583333333333335
-11.78,-21.326666666666664,-36.35666666666666,13.873333333333331,19.12666666666667,19.933333333333337,19.86,17.016666666666666,13.266666666666666,12.093333333333334,11.103333333333332,2.4186666666666667
-20.416666666666668,-32.330000000000005,-47.54666666666666,10.823333333333332,17.69,19.043333333333333,19.19666666666667,17.093333333333334,13.29,12.123333333333337,11.13,2.373
-28.26,-40.0,-49.54666666666666,8.753333333333332,16.263333333333332,18.046666666666667,18.416666666666668,17.096666666666668,13.303333333333333,12.066666666666668,11.089999999999998,2.337
-32.07,-41.796666666666674,-47.44,8.089666666666668,15.15,17.12,17.613333333333333,17.039999999999996,13.333333333333334,12.076666666666668,11.113333333333337,2.3073333333333337
-33.52333333333333,-41.833333333333336,-46.92000000000001,6.842,14.27,16.319999999999997,16.863333333333333,16.986666666666668,13.37,12.08,11.089999999999998,2.292666666666667
-36.79,-46.25,-54.52,4.376666666666666,13.243333333333334,15.55,16.173333333333336,16.883333333333333,13.406666666666666,12.08,11.116666666666664,2.261333333333333
-41.04333333333333,-50.81666666666666,-56.73,2.6793333333333336,12.160000000000002,14.73,15.463333333333331,16.743333333333336,13.453333333333331,12.096666666666666,11.116666666666667,2.228666666666667
-43.46666666666666,-52.49,-56.24666666666667,1.894,11.2,13.913333333333334,14.736666666666666,16.563333333333333,13.493333333333334,12.073333333333332,11.126666666666663,2.2083333333333335
-44.66,-52.623333333333335,-54.806666666666665,1.4846666666666666,10.373333333333331,13.163333333333334,14.026666666666666,16.36,13.54,12.086666666666666,11.136666666666668,2.1803333333333335
-45.086666666666666,-52.18333333333334,-53.42666666666667,0.91,9.63,12.446666666666667,13.343333333333334,16.133333333333336,13.54,12.053333333333333,11.123333333333337,2.169
-45.123333333333335,-51.63333333333333,-52.16,0.2296666666666666,9.003333333333332,11.83,12.75,15.906666666666666,13.61,12.086666666666666,11.14,2.143
-44.93,-51.163333333333334,-51.16,-0.6233333333333333,8.396666666666667,11.24,12.160000000000002,15.633333333333336,13.636666666666663,12.066666666666668,11.153333333333334,2.132333333333333
-44.84,-50.98,-50.70666666666667,-1.5413333333333334,7.831666666666666,10.686666666666667,11.626666666666669,15.386666666666668,13.663333333333334,12.1,11.12,2.1206666666666667
-44.78,-50.67333333333334,-49.96666666666667,-1.7886666666666666,7.352666666666667,10.216666666666669,11.156666666666666,15.14,13.686666666666667,12.1,11.159999999999998,2.1013333333333333
-44.45666666666667,-49.426666666666655,-46.28333333333333,-0.754,6.862666666666667,9.706666666666669,10.659999999999998,14.863333333333337,13.713333333333331,12.08,11.15,2.090333333333333
-41.16,-44.153333333333336,-40.51333333333333,-0.4736666666666667,6.703,9.313333333333333,10.233333333333333,14.593333333333334,13.730000000000002,12.083333333333334,11.163333333333334,2.0896666666666666
-40.596666666666664,-45.34,-42.88,-1.903,6.362666666666667,8.996666666666664,9.89,14.326666666666668,13.746666666666668,12.096666666666666,11.183333333333332,2.0849999999999995
-40.51666666666667,-45.17333333333334,-43.06666666666666,-2.7159999999999997,5.967,8.61,9.513333333333334,14.050000000000002,13.743333333333334,12.08,11.153333333333334,2.0716666666666668
-40.57333333333333,-45.22,-43.45666666666667,-3.0239999999999996,5.614999999999999,8.266666666666667,9.173333333333334,13.796666666666669,13.79,12.12,11.166666666666666,2.0573333333333332
-40.45333333333334,-45.00666666666666,-43.28,-3.544333333333334,5.259666666666667,7.904333333333334,8.823333333333332,13.533333333333331,13.753333333333332,12.096666666666666,11.193333333333332,2.048
-40.833333333333336,-45.68333333333334,-44.61666666666667,-4.3950000000000005,4.890000000000001,7.558,8.496666666666668,13.293333333333337,13.75,12.14,11.183333333333332,2.0453333333333332
-41.38333333333333,-46.39333333333334,-44.64000000000001,-4.777333333333334,4.444666666666667,7.170333333333333,8.123333333333333,13.03,13.74,12.136666666666663,11.176666666666668,2.0340000000000003
-41.38666666666666,-46.06666666666666,-43.620000000000005,-4.765333333333333,4.134666666666667,6.854,7.827000000000001,12.823333333333332,13.736666666666666,12.160000000000002,11.253333333333332,2.019
-40.57,-44.45,-40.75333333333333,-4.282666666666667,3.853,6.492999999999999,7.4753333333333325,12.56,13.696666666666667,12.146666666666668,11.213333333333331,2.0083333333333333
-38.43333333333334,-40.96666666666666,-35.51333333333334,-3.513,3.717333333333334,6.221666666666667,7.180666666666667,12.300000000000002,13.676666666666668,12.14,11.21,2.0096666666666665
-34.26333333333333,-34.21666666666667,-24.146666666666665,-1.9253333333333331,3.931333333333334,6.124,6.973333333333334,12.096666666666666,13.660000000000002,12.160000000000002,11.25,2.0226666666666664
-24.89333333333333,-17.963333333333335,3.7193333333333336,2.0203333333333333,4.7620000000000005,6.2123333333333335,6.863666666666667,11.82,13.586666666666666,12.15,11.173333333333334,2.058666666666667
-9.766333333333334,3.3266666666666667,29.8,6.053666666666667,6.424666666666667,6.823333333333333,7.089000000000001,11.6,13.573333333333332,12.13,11.183333333333332,2.11
9.906333333333334,33.18333333333333,69.38333333333334,11.186666666666667,8.813666666666666,7.908333333333334,7.650666666666666,11.4,13.52,12.146666666666668,11.196666666666667,2.182
33.14333333333333,59.28666666666666,90.86666666666667,14.606666666666664,11.876666666666669,9.583333333333334,8.69,11.253333333333336,13.496666666666668,12.15,11.2,2.2733333333333334
51.99666666666667,81.30333333333333,113.53333333333336,17.983333333333334,14.85,11.446666666666664,10.006666666666666,11.153333333333334,13.46,12.186666666666667,11.223333333333334,2.365
66.56666666666666,93.46666666666664,115.6,20.28,17.5,13.42,11.536666666666669,11.14,13.416666666666666,12.186666666666667,11.213333333333331,2.446
79.07666666666667,109.26666666666668,133.13333333333333,23.243333333333336,20.156666666666663,15.326666666666668,13.096666666666666,11.2,13.363333333333337,12.2,11.236666666666666,2.5256666666666665
90.63333333333333,118.56666666666666,135.4,25.016666666666666,22.613333333333333,17.296666666666667,14.736666666666666,11.37,13.316666666666668,12.183333333333332,11.213333333333331,2.5980000000000003
95.16666666666669,118.40000000000002,128.26666666666668,26.52666666666667,24.426666666666662,19.043333333333333,16.326666666666664,11.6,13.23,12.203333333333331,11.233333333333334,2.643
98.16666666666669,120.2,127.46666666666664,27.86,26.069999999999997,20.6,17.793333333333337,11.933333333333332,13.193333333333332,12.186666666666667,11.226666666666668,2.6773333333333333
99.16666666666669,119.63333333333333,124.1,29.236666666666665,27.459999999999997,22.016666666666666,19.176666666666662,12.343333333333334,13.13,12.196666666666664,11.223333333333334,2.705333333333334
93.56666666666666,104.36666666666667,93.93333333333334,28.5,28.013333333333332,23.103333333333335,20.356666666666666,12.78,13.073333333333332,12.23,11.25,2.7023333333333337
89.89999999999999,104.56666666666668,103.76666666666668,30.136666666666667,28.72666666666667,23.873333333333335,21.263333333333335,13.253333333333332,13.033333333333331,12.206666666666663,11.253333333333332,2.7106666666666666
86.5,96.33333333333331,88.73333333333333,29.709999999999997,29.19333333333333,24.656666666666663,22.11666666666667,13.746666666666668,12.976666666666668,12.193333333333332,11.213333333333331,2.7046666666666668
82.33333333333333,91.8,84.89999999999999,30.156666666666663,29.55666666666667,25.246666666666663,22.826666666666664,14.263333333333334,12.946666666666667,12.233333333333334,11.25,2.696333333333333
76.35333333333334,80.26666666666667,74.57000000000001,29.896666666666665,29.493333333333336,25.723333333333333,23.44,14.78,12.96,12.256666666666666,11.28,2.6773333333333333
70.04,70.48666666666666,57.14333333333334,29.573333333333338,29.33666666666667,25.94666666666667,23.87666666666667,15.273333333333332,12.909999999999998,12.276666666666666,11.296666666666669,2.665666666666666
58.04,54.88666666666666,30.046666666666667,27.766666666666666,28.706666666666663,25.903333333333336,24.093333333333337,15.706666666666669,12.866666666666667,12.23,11.25,2.637
43.54333333333333,37.97,14.0,26.48,27.66,25.563333333333333,24.076666666666664,16.126666666666665,12.836666666666666,12.196666666666664,11.266666666666666,2.602666666666667
31.81,20.66333333333333,-0.3089999999999999,25.043333333333333,26.613333333333333,25.069999999999997,23.826666666666668,16.529999999999998,12.886666666666663,12.193333333333332,11.296666666666669,2.5656666666666665
18.32,10.208333333333334,-12.473333333333333,23.066666666666663,25.346666666666664,24.426666666666662,23.436666666666667,16.893333333333334,12.910000000000002,12.213333333333331,11.300000000000002,2.5236666666666667
9.163666666666666,0.2370000000000001,-21.78,20.843333333333337,23.86,23.59,22.96666666666667,17.19,12.906666666666666,12.266666666666666,11.293333333333331,2.4760000000000004
-2.041,-13.556666666666668,-35.669999999999995,18.30666666666667,22.30333333333333,22.633333333333336,22.37,17.41,12.939999999999998,12.233333333333334,11.286666666666669,2.4296666666666664
-14.573333333333332,-29.05333333333333,-47.72666666666667,14.296666666666669,20.54,21.570000000000004,21.62,17.58666666666667,12.983333333333334,12.22,11.313333333333333,2.375666666666666
-25.423333333333332,-40.223333333333336,-55.03666666666667,11.216666666666669,18.76,20.4,20.726666666666663,17.706666666666663,13.026666666666666,12.236666666666666,11.303333333333336,2.3256666666666668
-32.54333333333333,-45.74666666666667,-55.94,9.24,17.23,19.253333333333337,19.763333333333332,17.76,13.083333333333334,12.236666666666666,11.333333333333334,2.2889999999999997
-37.336666666666666,-49.61666666666667,-58.923333333333325,6.890333333333333,15.843333333333334,18.16,18.799999999999997,17.74,13.113333333333332,12.226666666666668,11.333333333333334,2.254
-40.88333333333333,-51.48666666666666,-58.77666666666667,5.372666666666667,14.623333333333331,17.143333333333334,17.88,17.676666666666666,13.18,12.233333333333334,11.313333333333334,2.2260000000000004
-42.75333333333333,-52.31999999999999,-57.303333333333335,4.777333333333333,13.566666666666668,16.2,17.003333333333334,17.516666666666666,13.216666666666669,12.193333333333332,11.323333333333332,2.205666666666667
-43.75,-52.53,-56.03,3.896,12.653333333333334,15.363333333333337,16.203333333333333,17.38,13.306666666666668,12.226666666666668,11.346666666666666,2.1786666666666665
-44.083333333333336,-51.63333333333333,-53.61666666666667,3.5536666666666665,11.87,14.593333333333334,15.456666666666669,17.173333333333332,13.346666666666666,12.206666666666669,11.373333333333331,2.1666666666666665
-43.89666666666667,-50.833333333333336,-52.57,2.369666666666667,11.14,13.87,14.74,16.92666666666667,13.386666666666663,12.186666666666667,11.316666666666668,2.146
-44.06,-50.923333333333325,-51.946666666666665,1.538333333333333,10.486666666666666,13.246666666666668,14.123333333333331,16.706666666666667,13.486666666666666,12.230000000000002,11.343333333333334,2.1283333333333334
-43.84,-49.74333333333334,-49.71666666666667,1.778333333333333,9.843333333333334,12.603333333333332,13.486666666666666,16.41,13.476666666666668,12.203333333333331,11.303333333333333,2.1203333333333334
-43.416666666666664,-49.03,-49.406666666666666,1.072,9.3,12.046666666666669,12.943333333333332,16.16333333333333,13.54,12.199999999999998,11.303333333333336,2.103666666666667
-43.52666666666667,-49.31333333333333,-49.50333333333333,0.413,8.770000000000001,11.543333333333337,12.446666666666667,15.923333333333334,13.636666666666663,12.199999999999998,11.38,2.0880000000000005
-42.41,-46.553333333333335,-44.1,1.3016666666666663,8.35,11.05,11.946666666666667,15.643333333333336,13.683333333333332,12.186666666666666,11.363333333333332,2.0863333333333336
-41.54333333333333,-46.00333333333333,-45.76666666666667,0.1929999999999999,7.912333333333334,10.583333333333334,11.48,15.35,13.69,12.199999999999998,11.340000000000002,2.077
-41.88666666666666,-46.90333333333333,-47.123333333333335,-1.073,7.449000000000001,10.153333333333332,11.07,15.083333333333334,13.723333333333334,12.199999999999998,11.373333333333337,2.060666666666666
-42.39666666666667,-47.60333333333333,-46.946666666666665,-2.005666666666667,6.974,9.726666666666668,10.663333333333334,14.839999999999998,13.753333333333332,12.203333333333331,11.363333333333337,2.044
-42.193333333333335,-47.07333333333333,-45.50666666666666,-2.4456666666666664,6.528333333333333,9.276666666666667,10.223333333333334,14.556666666666668,13.746666666666668,12.193333333333332,11.363333333333332,2.042
-41.47,-45.98333333333333,-43.053333333333335,-2.2579999999999996,6.2363333333333335,8.93,9.863333333333332,14.323333333333332,13.826666666666666,12.256666666666666,11.436666666666666,2.0336666666666665
-40.423333333333325,-44.74333333333334,-41.24666666666667,-2.393333333333333,5.912333333333334,8.553333333333333,9.496666666666668,14.06,13.833333333333334,12.26,11.413333333333334,2.0236666666666667
-39.96,-44.19,-42.203333333333326,-3.031,5.590333333333334,8.226666666666667,9.143333333333333,13.79,13.839999999999998,12.26,11.406666666666666,2.011333333333333
-39.52333333333333,-43.376666666666665,-40.50666666666667,-2.9936666666666665,5.3133333333333335,7.902,8.843333333333334,13.553333333333336,13.803333333333336,12.246666666666668,11.413333333333334,2.002666666666667
-38.20666666666667,-41.50666666666667,-37.943333333333335,-3.126666666666667,5.106000000000001,7.612333333333333,8.526666666666666,13.293333333333331,13.796666666666669,12.256666666666666,11.366666666666664,2.002333333333333
-36.52333333333333,-38.95333333333334,-33.833333333333336,-2.4763333333333333,5.002,7.383333333333334,8.256666666666668,13.043333333333337,13.800000000000002,12.253333333333332,11.4,2.003
-32.34,-31.713333333333335,-21.486666666666668,-0.4333333333333333,5.156666666666666,7.248666666666666,8.033333333333333,12.786666666666669,13.743333333333334,12.246666666666668,11.363333333333337,2.010666666666667
-24.573333333333338,-20.996666666666663,-9.285333333333334,1.0503333333333331,5.827000000000001,7.372333333333334,7.998,12.576666666666668,13.746666666666668,12.253333333333332,11.37,2.0380000000000003
-15.303333333333336,-7.988333333333334,8.155333333333333,3.666,6.808,7.688333333333333,8.113333333333333,12.356666666666667,13.723333333333334,12.273333333333332,11.409999999999998,2.0673333333333335
-2.8363333333333336,8.558333333333334,27.153333333333336,6.660333333333334,8.249333333333334,8.323333333333332,8.43,12.160000000000002,13.699999999999998,12.27,11.409999999999998,2.1153333333333335
9.380666666666668,24.036666666666665,49.096666666666664,10.426666666666668,9.916666666666666,9.2,8.99,11.986666666666665,13.673333333333332,12.273333333333332,11.406666666666666,2.1633333333333336
34.050000000000004,63.60999999999999,110.63333333333333,17.636666666666667,13.1,10.62,9.826666666666666,11.866666666666667,13.64,12.276666666666666,11.410000000000002,2.2569999999999997
61.913333333333334,93.26666666666668,129.73333333333332,21.17,16.709999999999997,12.776666666666666,11.21,11.773333333333332,13.573333333333332,12.273333333333332,11.393333333333333,2.3626666666666662
77.77666666666666,106.96666666666664,130.9,23.813333333333333,19.69,15.003333333333336,12.906666666666666,11.773333333333332,13.550000000000002,12.283333333333331,11.409999999999998,2.4503333333333335
90.3,120.13333333333333,141.66666666666666,26.86,22.403333333333336,17.063333333333333,14.613333333333337,11.86,13.486666666666666,12.273333333333332,11.4,2.529333333333333
100.86666666666667,129.73333333333335,151.03333333333333,29.563333333333333,24.923333333333332,19.09,16.343333333333334,12.033333333333331,13.43,12.276666666666666,11.38,2.599
116.93333333333332,145.7,149.36666666666665,30.8,27.80666666666667,21.206666666666663,18.12,12.32,13.376666666666669,12.27,11.393333333333333,2.668333333333333
107.3,120.53333333333332,115.43333333333334,30.209999999999997,28.516666666666666,22.75333333333333,19.816666666666663,12.73,13.39,12.339999999999998,11.446666666666664,2.671333333333333
102.86666666666667,114.96666666666664,100.0,30.143333333333334,29.396666666666665,23.863333333333333,21.05666666666667,13.193333333333332,13.326666666666668,12.36,11.463333333333331,2.676
94.53333333333336,105.66666666666669,102.23333333333332,31.406666666666663,29.78333333333333,24.659999999999997,22.043333333333333,13.68,13.29,12.339999999999998,11.449999999999998,2.6716666666666664
92.76666666666668,103.9,99.1,31.886666666666667,30.47666666666667,25.47,22.903333333333336,14.21,13.26,12.356666666666667,11.463333333333331,2.675333333333333
95.3,107.9,100.43333333333334,32.34666666666667,31.436666666666667,26.323333333333338,23.736666666666665,14.73,13.213333333333331,12.363333333333332,11.47,2.6906666666666665
92.03333333333336,98.36666666666667,83.64666666666666,32.30666666666667,31.75,27.093333333333337,24.563333333333333,15.24,13.15,12.36,11.47,2.681666666666666
78.3,73.16666666666667,53.79666666666666,30.55,31.046666666666667,27.373333333333335,25.16,15.766666666666666,13.15,12.36,11.47,2.651666666666667
60.10666666666666,54.43333333333334,33.553333333333335,28.94666666666667,30.013333333333335,27.15,25.316666666666663,16.236666666666665,13.086666666666666,12.296666666666669,11.47,2.623
44.71666666666667,36.32,10.86,27.08666666666667,28.83,26.723333333333333,25.233333333333334,16.7,13.07,12.29,11.456666666666669,2.578
30.86,17.430000000000003,-3.1330000000000005,25.42,27.593333333333337,26.103333333333335,24.896666666666665,17.143333333333334,13.093333333333334,12.35,11.46,2.539333333333333
16.16333333333333,6.584333333333333,-16.41,23.313333333333333,26.136666666666667,25.35,24.416666666666668,17.53333333333333,13.143333333333333,12.35,11.46,2.497
5.758333333333333,-5.700333333333333,-28.396666666666665,20.67,24.406666666666663,24.36666666666667,23.826666666666664,17.823333333333334,13.153333333333334,12.343333333333334,11.420000000000002,2.444666666666667
-6.826666666666667,-20.413333333333338,-39.31333333333333,17.723333333333333,22.63000000000001,23.256666666666664,23.106666666666666,18.073333333333338,13.183333333333332,12.37,11.463333333333331,2.3943333333333334
-17.113333333333333,-30.763333333333332,-46.54666666666666,14.773333333333332,21.02333333333333,22.166666666666668,22.28,18.24,13.24,12.343333333333334,11.483333333333334,2.348666666666667
-26.81,-41.47666666666666,-56.46666666666667,11.346666666666666,19.26666666666667,20.996666666666663,21.343333333333337,18.336666666666662,13.266666666666667,12.356666666666667,11.476666666666668,2.3013333333333335
-33.41,-46.56,-56.946666666666665,9.29,17.746666666666666,19.843333333333337,20.373333333333335,18.383333333333333,13.336666666666666,12.366666666666667,11.503333333333336,2.265333333333333
-36.71666666666666,-47.83666666666667,-55.03333333333333,7.978999999999999,16.50333333333333,18.78,19.406666666666663,18.33,13.363333333333337,12.366666666666667,11.486666666666666,2.2423333333333333
-38.75,-48.82333333333333,-54.9,6.779333333333334,15.436666666666667,17.836666666666666,18.52,18.25,13.443333333333332,12.33,11.503333333333332,2.2143333333333333
-40.17666666666667,-49.25,-53.366666666666674,6.192333333333333,14.466666666666669,16.956666666666667,17.696666666666665,18.1,13.483333333333334,12.343333333333334,11.493333333333332,2.201333333333334
-40.830000000000005,-48.96666666666667,-52.156666666666666,5.556,13.62,16.15,16.916666666666668,17.916666666666668,13.53,12.323333333333332,11.49,2.1763333333333335
-41.53333333333333,-49.00666666666666,-51.63333333333333,4.799666666666667,12.856666666666667,15.44,16.233333333333334,17.73333333333333,13.623333333333331,12.340000000000002,11.49,2.1643333333333334
-42.1,-49.01,-51.23,3.781333333333333,12.126666666666663,14.756666666666666,15.57,17.509999999999998,13.68,12.366666666666667,11.493333333333334,2.1406666666666667
-42.17333333333334,-48.46666666666667,-49.419999999999995,3.1946666666666665,11.476666666666668,14.116666666666667,14.946666666666667,17.29,13.753333333333332,12.36,11.54,2.126333333333333
-42.04,-47.596666666666664,-49.07,2.8633333333333333,10.86,13.5,14.333333333333334,17.003333333333334,13.79,12.3,11.476666666666668,2.119666666666667
-42.44,-48.05666666666667,-49.26333333333334,1.5499999999999998,10.276666666666666,12.963333333333331,13.816666666666668,16.77,13.85,12.346666666666666,11.52,2.1013333333333333
-42.71333333333333,-48.43,-48.84666666666667,1.149,9.666666666666666,12.38,13.26,16.483333333333334,13.893333333333333,12.353333333333332,11.526666666666666,2.0856666666666666
-42.67333333333334,-47.59,-47.6,0.6423333333333333,9.18,11.886666666666668,12.783333333333331,16.25,13.953333333333331,12.35,11.53,2.077
-42.303333333333335,-47.28,-46.64333333333334,0.043,8.649999999999999,11.35,12.263333333333334,15.949999999999998,13.973333333333334,12.336666666666668,11.456666666666669,2.060666666666666
-41.89666666666667,-46.5,-44.446666666666665,0.2986666666666667,8.236666666666666,10.926666666666668,11.826666666666668,15.696666666666667,13.993333333333334,12.35,11.493333333333334,2.0453333333333337
-39.84333333333333,-43.026666666666664,-40.18,1.0493333333333332,7.961000000000001,10.506666666666668,11.393333333333333,15.416666666666666,13.996666666666668,12.346666666666666,11.46,2.044666666666666
-38.61,-42.343333333333334,-41.086666666666666,0.4383333333333333,7.631333333333334,10.14,11.016666666666666,15.13,13.993333333333334,12.333333333333334,11.449999999999998,2.044
-38.446666666666665,-42.38,-40.82333333333333,-0.041,7.295999999999999,9.793333333333331,10.676666666666668,14.87,14.04,12.336666666666666,11.453333333333331,2.0433333333333334
-38.663333333333334,-42.93,-43.03,-1.184,6.939,9.473333333333334,10.366666666666667,14.626666666666663,14.066666666666668,12.346666666666666,11.483333333333334,2.029
-39.48,-43.52333333333333,-42.82,-1.4533333333333331,6.593,9.14,10.056666666666668,14.413333333333334,14.13,12.409999999999998,11.556666666666668,2.012
-39.26666666666667,-42.666666666666664,-41.51,-1.5063333333333333,6.229,8.770000000000001,9.7,14.17,14.123333333333337,12.363333333333337,11.54,2.0029999999999997
-38.96333333333334,-42.35666666666667,-41.29,-2.1663333333333337,5.9319999999999995,8.456666666666665,9.39,13.93,14.126666666666669,12.386666666666663,11.58,2.002333333333333
-38.45666666666667,-41.56666666666667,-37.04333333333333,-1.3736666666666666,5.649,8.13,9.063333333333334,13.676666666666668,14.093333333333334,12.376666666666669,11.566666666666668,2.003
-33.97666666666667,-32.45333333333333,-16.751666666666665,2.6246666666666667,5.872333333333334,7.933333333333334,8.79,13.439999999999998,14.086666666666666,12.376666666666669,11.556666666666668,2.0086666666666666
-22.30333333333333,-13.396666666666668,11.327,5.386,6.954000000000001,8.131666666666668,8.680000000000001,13.19,14.033333333333331,12.396666666666668,11.51,2.0493333333333332
-5.787333333333334,10.068333333333332,41.656666666666666,9.387333333333332,8.826666666666666,8.866666666666665,8.936666666666667,12.963333333333331,14.04,12.410000000000002,11.546666666666669,2.1073333333333335
14.983666666666666,38.64666666666667,72.53,14.013333333333334,11.303333333333333,10.023333333333332,9.54,12.756666666666666,13.996666666666668,12.403333333333334,11.526666666666666,2.1806666666666668
38.28,65.26333333333334,102.9,17.856666666666666,14.316666666666668,11.673333333333332,10.58,12.603333333333332,13.986666666666666,12.413333333333334,11.553333333333333,2.269
59.34,88.83333333333333,120.23333333333332,20.69666666666667,17.476666666666663,13.65,11.953333333333331,12.516666666666666,13.943333333333332,12.443333333333332,11.560000000000002,2.3663333333333334
74.68666666666667,104.9,133.9,23.673333333333332,20.293333333333333,15.689999999999998,13.526666666666666,12.503333333333332,13.943333333333332,12.44,11.576666666666668,2.454
89.26666666666667,122.56666666666666,145.7,27.51,23.2,17.75,15.18,12.56,13.876666666666669,12.463333333333331,11.556666666666668,2.5429999999999997
102.23333333333332,132.53333333333333,147.26666666666665,29.80666666666667,25.823333333333338,19.833333333333332,16.929999999999996,12.73,13.829999999999998,12.453333333333331,11.58,2.6163333333333334
110.53333333333336,138.9333333333333,150.33333333333334,31.536666666666665,28.093333333333337,21.80333333333333,18.683333333333337,13.006666666666668,13.796666666666669,12.46,11.56,2.6703333333333332
117.4,145.1,151.43333333333334,33.57,30.24,23.643333333333334,20.37,13.36,13.74,12.456666666666663,11.563333333333333,2.7159999999999997
120.73333333333336,145.5,147.5,34.393333333333324,31.99666666666667,25.353333333333335,21.996666666666663,13.796666666666669,13.723333333333334,12.516666666666666,11.553333333333336,2.751
117.13333333333333,137.03333333333333,134.33333333333334,35.03,33.086666666666666,26.753333333333337,23.453333333333333,14.293333333333337,13.663333333333334,12.516666666666666,11.56,2.7583333333333333
114.43333333333334,130.83333333333334,120.56666666666666,35.379999999999995,33.98333333333333,27.89,24.69,14.823333333333332,13.62,12.52,11.56,2.762
108.43333333333334,121.7,108.2,35.22666666666667,34.48666666666667,28.78333333333333,25.733333333333334,15.376666666666663,13.56,12.466666666666669,11.563333333333333,2.761333333333333
98.03333333333336,104.66666666666669,85.96666666666665,35.166666666666664,34.46,29.38,26.573333333333338,15.983333333333334,13.53,12.476666666666668,11.58,2.7463333333333337
90.36666666666667,94.4,81.32333333333334,34.74333333333333,34.306666666666665,29.74666666666667,27.156666666666663,16.563333333333333,13.486666666666666,12.516666666666666,11.566666666666668,2.7263333333333333
83.36666666666667,84.06666666666666,68.3,34.080000000000005,34.02333333333333,29.963333333333335,27.62,17.15,13.473333333333334,12.523333333333332,11.56,2.7159999999999997
76.78333333333335,78.74666666666667,61.28666666666667,33.68666666666667,33.84,30.013333333333332,27.91,17.68,13.473333333333334,12.526666666666666,11.56,2.707333333333333
63.85,60.78,31.53,31.706666666666667,33.02333333333333,29.896666666666665,28.123333333333335,18.19666666666667,13.483333333333334,12.53,11.56,2.674666666666667
45.06333333333333,30.933333333333337,1.3209999999999995,29.60666666666667,31.643333333333334,29.426666666666662,27.986666666666668,18.673333333333332,13.536666666666669,12.53,11.563333333333333,2.634333333333333
25.64,15.476666666666668,-13.306666666666668,27.30666666666667,30.00666666666667,28.646666666666665,27.55333333333333,19.106666666666666,13.573333333333332,12.53,11.616666666666667,2.585
12.603333333333332,0.4996666666666665,-28.406666666666663,24.333333333333332,28.05333333333333,27.61,26.97666666666667,19.48,13.616666666666664,12.523333333333332,11.636666666666668,2.5269999999999997
-2.1406666666666667,-17.343333333333334,-44.96333333333333,20.96666666666667,26.036666666666665,26.42,26.233333333333334,19.78666666666667,13.673333333333332,12.543333333333331,11.643333333333336,2.4680000000000004
-16.31,-32.68,-54.70666666666667,16.973333333333333,23.98,25.113333333333333,25.28333333333333,19.993333333333332,13.696666666666664,12.54,11.63,2.408333333333333
-26.45,-41.3,-57.24,14.910000000000002,22.14,23.799999999999997,24.236666666666665,20.136666666666667,13.766666666666666,12.550000000000002,11.653333333333334,2.361
-32.04333333333333,-44.093333333333334,-55.446666666666665,13.766666666666667,20.656666666666663,22.576666666666668,23.166666666666668,20.173333333333332,13.816666666666668,12.54,11.62,2.327
-34.68666666666667,-44.596666666666664,-53.03333333333333,12.72,19.459999999999997,21.516666666666666,22.176666666666662,20.19333333333333,13.9,12.523333333333332,11.65,2.298666666666666
-36.06,-44.52666666666667,-51.04,11.876666666666663,18.436666666666667,20.563333333333333,21.266666666666666,20.083333333333332,13.966666666666669,12.546666666666669,11.64,2.2893333333333334
-36.666666666666664,-44.076666666666675,-50.080000000000005,10.776666666666666,17.53333333333333,19.709999999999997,20.426666666666662,19.963333333333335,14.033333333333331,12.523333333333332,11.633333333333333,2.266
-37.64,-44.833333333333336,-49.906666666666666,9.686666666666667,16.683333333333334,18.94,19.68,19.793333333333333,14.133333333333333,12.536666666666669,11.666666666666666,2.251
-37.836666666666666,-43.74333333333334,-47.39333333333334,9.363333333333337,15.95,18.223333333333333,18.97,19.613333333333333,14.186666666666667,12.55,11.633333333333333,2.243
-38.01,-43.79333333333333,-47.15,8.52,15.26,17.563333333333336,18.313333333333333,19.389999999999997,14.286666666666669,12.566666666666668,11.646666666666668,2.2223333333333337
-38.03,-43.31333333333333,-46.36666666666667,7.772333333333333,14.61,16.93,17.68,19.146666666666665,14.35,12.513333333333334,11.623333333333331,2.211
-38.223333333333336,-43.526666666666664,-46.60999999999999,6.707333333333334,13.99,16.346666666666668,17.110000000000003,18.896666666666665,14.413333333333334,12.51,11.65,2.2056666666666667
-39.04,-44.81666666666667,-47.42333333333334,5.594333333333334,13.363333333333337,15.803333333333333,16.586666666666666,18.680000000000003,14.52,12.556666666666668,11.646666666666668,2.185
-39.69,-45.31,-47.64000000000001,4.935666666666667,12.743333333333334,15.226666666666668,16.03666666666667,18.423333333333332,14.57,12.566666666666668,11.670000000000002,2.169666666666666
-40.13333333333333,-45.52,-47.05,4.006666666666667,12.176666666666668,14.689999999999998,15.52,18.17,14.633333333333333,12.563333333333333,11.68,2.165666666666666
-40.169999999999995,-45.54,-46.220000000000006,3.345333333333333,11.653333333333334,14.19,15.026666666666666,17.933333333333334,14.71,12.606666666666664,11.72,2.153
-40.1,-45.34666666666667,-45.56,2.8446666666666665,11.12,13.659999999999998,14.506666666666666,17.63,14.73,12.543333333333331,11.646666666666668,2.138
-40.046666666666674,-45.0,-44.95666666666667,2.792333333333333,10.666666666666666,13.216666666666669,14.07,17.383333333333333,14.766666666666666,12.603333333333332,11.643333333333333,2.1283333333333334
-39.21333333333334,-42.75666666666666,-41.943333333333335,3.6186666666666665,10.333333333333334,12.800000000000002,13.663333333333334,17.14333333333333,14.83,12.61,11.703333333333331,2.128
-38.54333333333333,-42.11666666666667,-43.35,2.658666666666667,9.943333333333332,12.393333333333333,13.246666666666668,16.863333333333333,14.86,12.576666666666668,11.686666666666667,2.1253333333333333
-39.36666666666667,-43.73333333333334,-45.32333333333333,1.5,9.43,11.95,12.84666666666667,16.593333333333334,14.86,12.563333333333333,11.666666666666666,2.1096666666666666
-40.26666666666667,-44.74,-45.15,0.9273333333333332,8.983333333333334,11.556666666666668,12.49,16.366666666666667,14.903333333333334,12.613333333333337,11.71,2.095
-40.056666666666665,-43.76,-42.89666666666667,1.2336666666666665,8.58,11.123333333333331,12.066666666666668,16.096666666666668,14.93,12.63,11.676666666666668,2.0880000000000005
-39.19,-42.27,-40.8,1.301,8.233333333333334,10.716666666666669,11.659999999999998,15.813333333333334,14.89,12.589999999999998,11.68,2.089
-37.48333333333333,-39.46333333333333,-34.913333333333334,1.9586666666666668,8.04,10.409999999999998,11.336666666666666,15.56,14.89,12.589999999999998,11.686666666666666,2.0886666666666667
-31.27,-28.01,-13.218333333333334,5.037,8.456666666666665,10.31,11.11,15.333333333333334,14.906666666666666,12.623333333333331,11.68,2.1043333333333334
-20.483333333333334,-12.955666666666666,6.651,7.850666666666666,9.426666666666668,10.53,11.05,15.086666666666668,14.893333333333333,12.613333333333332,11.659999999999998,2.140333333333333
-4.183333333333334,11.014333333333331,39.75666666666667,12.066666666666668,11.226666666666668,11.18,11.3,14.866666666666664,14.883333333333333,12.666666666666666,11.693333333333332,2.2006666666666668
17.206666666666667,38.88,67.10666666666667,15.853333333333332,13.686666666666667,12.333333333333334,11.893333333333333,14.659999999999998,14.873333333333331,12.666666666666666,11.686666666666667,2.279666666666667
38.73,63.59666666666667,94.46666666666664,19.87,16.473333333333333,13.913333333333332,12.89,14.503333333333332,14.853333333333332,12.683333333333332,11.706666666666669,2.372
59.31333333333333,86.75333333333333,115.76666666666664,23.320000000000004,19.386666666666667,15.75,14.186666666666667,14.4,14.853333333333332,12.706666666666669,11.713333333333331,2.467333333333333
77.18666666666667,105.0,130.29999999999998,26.496666666666663,22.203333333333333,17.706666666666667,15.696666666666667,14.386666666666663,14.800000000000002,12.71,11.703333333333331,2.56
91.73333333333332,121.43333333333334,143.79999999999998,29.176666666666662,24.99666666666667,19.723333333333333,17.346666666666664,14.453333333333331,14.79,12.706666666666663,11.713333333333331,2.6460000000000004
105.43333333333332,134.4,151.33333333333334,31.903333333333332,27.680000000000003,21.77,19.083333333333332,14.613333333333337,14.746666666666668,12.75,11.713333333333331,2.717
113.9,139.86666666666665,150.13333333333333,33.343333333333334,29.909999999999997,23.71666666666667,20.83,14.86,14.706666666666663,12.726666666666668,11.71,2.766
120.16666666666669,146.60000000000002,155.4,35.14666666666667,31.996666666666663,25.473333333333333,22.493333333333336,15.193333333333332,14.653333333333334,12.743333333333332,11.69,2.8023333333333333
128.1,153.70000000000002,156.1,36.85,34.15,27.26,24.153333333333336,15.646666666666668,14.67,12.763333333333334,11.716666666666669,2.8373333333333335
129.76666666666668,151.89999999999998,142.73333333333335,37.74333333333333,35.82,28.876666666666665,25.73,16.143333333333334,14.626666666666663,12.8,11.73,2.844666666666667
128.13333333333333,148.23333333333332,141.06666666666666,38.49666666666667,37.086666666666666,30.24333333333333,27.153333333333332,16.683333333333334,14.579999999999998,12.82,11.723333333333334,2.8473333333333333
128.46666666666667,144.6,125.86666666666667,38.2,38.14000000000001,31.433333333333337,28.386666666666667,17.24,14.550000000000002,12.79,11.743333333333334,2.8543333333333334
116.09999999999998,126.43333333333334,111.23333333333332,38.953333333333326,38.21666666666667,32.21,29.436666666666667,17.84,14.546666666666669,12.796666666666669,11.75,2.8233333333333337
111.23333333333332,118.13333333333333,95.16666666666669,38.74333333333333,38.48,32.843333333333334,30.253333333333337,18.47,14.543333333333331,12.856666666666667,11.75,2.8049999999999997
95.2,90.66666666666669,64.24666666666667,37.03666666666667,37.67,33.086666666666666,30.853333333333335,19.09,14.523333333333332,12.840000000000002,11.74,2.77
75.66333333333334,65.33,29.00333333333333,34.17333333333334,36.37,32.82333333333333,31.026666666666667,19.65,14.47,12.793333333333331,11.736666666666666,2.7246666666666663
50.46666666666667,34.74,-0.4123333333333334,31.44666666666667,34.48666666666667,32.13666666666666,30.85,20.23,14.493333333333334,12.85,11.743333333333334,2.66
27.133333333333336,10.163666666666666,-17.143333333333334,28.52,32.339999999999996,31.08666666666667,30.236666666666668,20.743333333333336,14.526666666666666,12.863333333333337,11.773333333333332,2.603666666666667
11.138666666666666,-4.027333333333334,-25.64,26.883333333333336,30.459999999999997,29.959999999999997,29.44,21.153333333333332,14.55,12.863333333333337,11.736666666666666,2.5453333333333332
-0.2696666666666669,-14.79,-35.379999999999995,24.543333333333333,28.7,28.816666666666663,28.543333333333333,21.49,14.616666666666664,12.846666666666666,11.77,2.4976666666666665
-10.502,-24.24,-40.66,22.516666666666666,26.99,27.65,27.61,21.746666666666663,14.676666666666668,12.9,11.82,2.451
-18.243333333333336,-30.463333333333335,-44.02333333333333,20.766666666666666,25.430000000000003,26.48,26.616666666666664,21.87333333333333,14.72,12.896666666666668,11.793333333333331,2.412333333333333
-23.353333333333335,-33.123333333333335,-42.76333333333334,19.526666666666667,24.113333333333333,25.39333333333333,25.656666666666663,21.94666666666667,14.786666666666669,12.883333333333333,11.78,2.3783333333333334
-25.423333333333336,-33.14333333333333,-41.20666666666667,18.436666666666667,23.03,24.426666666666662,24.743333333333336,21.916666666666668,14.843333333333334,12.903333333333334,11.786666666666669,2.362666666666667
-27.23,-34.45333333333334,-42.71,17.26,22.066666666666663,23.596666666666668,23.959999999999997,21.88,14.926666666666668,12.913333333333334,11.793333333333331,2.3393333333333333
-28.813333333333333,-34.85,-40.26,16.58666666666667,21.166666666666668,22.786666666666665,23.19666666666667,21.76,14.99,12.86,11.783333333333331,2.3316666666666666
-28.123333333333335,-32.379999999999995,-36.27333333333333,16.21666666666667,20.526666666666667,22.096666666666664,22.513333333333335,21.63,15.089999999999998,12.906666666666666,11.800000000000002,2.3283333333333336
-26.906666666666663,-30.016666666666666,-32.72,15.906666666666666,19.996666666666663,21.513333333333332,21.91,21.459999999999997,15.170000000000002,12.89,11.816666666666668,2.322333333333334
-25.55,-28.206666666666667,-30.813333333333333,15.486666666666666,19.543333333333333,21.003333333333337,21.386666666666667,21.27333333333333,15.24,12.916666666666666,11.83,2.3153333333333332
-24.523333333333337,-26.83,-29.05666666666667,15.203333333333331,19.173333333333332,20.59,20.94666666666667,21.103333333333335,15.346666666666666,12.949999999999998,11.83,2.313333333333333
-23.416666666666668,-25.186666666666667,-27.05333333333333,15.02,18.846666666666668,20.2,20.55,20.913333333333338,15.45,12.949999999999998,11.83,2.3133333333333335
-22.796666666666667,-24.986666666666665,-28.76666666666667,14.339999999999998,18.493333333333336,19.843333333333337,20.179999999999996,20.723333333333333,15.506666666666666,12.95,11.816666666666668,2.31
-24.483333333333334,-28.24,-34.526666666666664,13.223333333333334,17.936666666666667,19.426666666666662,19.796666666666667,20.513333333333332,15.57,12.956666666666669,11.833333333333334,2.2976666666666667
-28.459999999999997,-34.089999999999996,-41.20666666666666,11.88,17.153333333333332,18.90666666666667,19.37333333333333,20.31,15.64,12.966666666666669,11.826666666666668,2.2886666666666664
-31.36,-36.56,-41.29333333333333,11.136666666666663,16.436666666666667,18.33,18.89,20.143333333333334,15.693333333333332,12.97,11.85,2.267
-31.94333333333333,-35.97,-38.75666666666667,10.793333333333331,15.876666666666669,17.786666666666665,18.39333333333333,19.930000000000003,15.756666666666668,12.94,11.813333333333333,2.2516666666666665
-31.846666666666664,-35.45333333333333,-37.906666666666666,10.286666666666669,15.420000000000002,17.323333333333334,17.943333333333335,19.733333333333334,15.806666666666668,12.986666666666666,11.86,2.251333333333333
-31.643333333333334,-34.88666666666666,-37.06333333333333,9.826666666666666,14.993333333333334,16.88,17.52,19.526666666666667,15.866666666666667,12.986666666666666,11.843333333333334,2.244666666666667
-31.790000000000003,-35.11,-37.05,9.3,14.563333333333333,16.47666666666667,17.13,19.316666666666663,15.88,13.02,11.893333333333333,2.232
-31.5,-34.306666666666665,-35.35,9.043333333333337,14.166666666666666,16.05333333333333,16.720000000000002,19.069999999999997,15.893333333333333,12.963333333333331,11.843333333333334,2.226
-30.886666666666667,-33.449999999999996,-34.07333333333333,8.753333333333332,13.846666666666666,15.699999999999998,16.376666666666665,18.85,15.946666666666667,13.003333333333332,11.83,2.214
-30.363333333333333,-32.92666666666667,-33.93333333333333,8.413333333333334,13.553333333333333,15.39,16.06,18.643333333333334,15.956666666666669,13.03,11.83,2.211
-30.14,-32.75333333333334,-33.53333333333333,8.105333333333334,13.263333333333334,15.093333333333334,15.766666666666666,18.456666666666667,16.02,13.083333333333334,11.840000000000002,2.211
-29.659999999999997,-31.896666666666665,-31.613333333333333,7.984666666666667,12.996666666666668,14.79,15.466666666666669,18.23333333333333,16.05,13.093333333333334,11.89,2.2116666666666664
-28.14,-29.403333333333336,-27.37,8.07,12.836666666666666,14.536666666666669,15.18,18.013333333333332,16.05,13.063333333333334,11.863333333333332,2.212666666666667
-25.13,-24.52,-19.076666666666668,8.643333333333333,12.906666666666666,14.383333333333333,14.97,17.80666666666667,16.05,13.063333333333333,11.863333333333332,2.2153333333333336
-20.133333333333336,-17.55,-10.417,9.486666666666666,13.226666666666668,14.393333333333333,14.893333333333333,17.623333333333335,16.05,13.076666666666668,11.863333333333332,2.238
-13.776666666666666,-8.756666666666666,2.1206666666666667,10.946666666666664,13.813333333333333,14.573333333333332,14.913333333333334,17.456666666666663,16.076666666666668,13.160000000000002,11.9,2.2636666666666665
-2.66,8.582666666666666,28.763333333333332,13.83,14.993333333333334,14.98,15.023333333333332,17.263333333333335,16.083333333333332,13.133333333333333,11.893333333333333,2.312666666666667
10.651000000000002,24.506666666666664,45.39666666666667,16.273333333333333,16.563333333333333,15.796666666666669,15.453333333333331,17.1,16.06,13.18,11.906666666666666,2.364
24.603333333333335,42.94,68.95666666666666,19.616666666666664,18.436666666666664,16.819999999999997,16.093333333333334,16.99,16.05,13.206666666666669,11.93,2.4296666666666664
40.85999999999999,61.836666666666666,87.03333333333335,22.8,20.63,18.133333333333336,16.96666666666667,16.893333333333334,16.03,13.2,11.920000000000002,2.502
53.18666666666667,73.62,88.46666666666665,24.473333333333333,22.679999999999996,19.57,18.03,16.866666666666667,16.013333333333332,13.213333333333331,11.913333333333334,2.5703333333333336
59.06666666666666,77.69666666666666,95.54666666666668,26.73,24.22,20.836666666666662,19.103333333333335,16.853333333333335,15.973333333333334,13.196666666666664,11.913333333333334,2.614666666666667
75.09666666666666,97.4,103.69666666666666,28.566666666666663,26.563333333333333,22.3,20.246666666666663,16.963333333333335,15.943333333333332,13.233333333333334,11.92,2.677666666666666
64.41666666666667,69.20666666666666,56.89000000000001,26.33,26.71666666666667,23.393333333333334,21.416666666666668,17.153333333333332,15.956666666666669,13.26,11.933333333333332,2.667666666666667
56.20666666666667,64.88333333333334,73.17333333333333,27.80333333333333,26.893333333333334,23.80666666666667,22.066666666666663,17.360000000000003,15.913333333333334,13.303333333333336,11.93,2.6636666666666664
60.31,71.10000000000001,73.76333333333334,28.456666666666667,27.80333333333333,24.48333333333333,22.673333333333332,17.623333333333335,15.863333333333332,13.283333333333331,11.93,2.6773333333333333
59.3,68.62666666666667,69.7,28.513333333333332,28.333333333333332,25.12,23.323333333333338,17.903333333333332,15.886666666666668,13.306666666666668,11.936666666666667,2.677666666666666
59.34,69.24000000000001,70.27666666666666,29.69,28.906666666666663,25.646666666666665,23.883333333333336,18.183333333333337,15.836666666666666,13.306666666666668,11.949999999999998,2.6826666666666665
56.669999999999995,63.25333333333333,61.26666666666667,29.483333333333334,29.176666666666662,26.14,24.42,18.47,15.786666666666669,13.300000000000002,11.949999999999998,2.6766666666666663
56.06999999999999,62.25333333333333,55.74,29.59,29.496666666666663,26.52,24.846666666666664,18.746666666666663,15.76,13.313333333333333,11.949999999999998,2.6773333333333333
53.17666666666667,55.5,45.50333333333333,29.206666666666667,29.55,26.820000000000004,25.233333333333334,19.040000000000003,15.76,13.37,11.949999999999998,2.671666666666667
47.16,50.42333333333334,46.803333333333335,29.44,29.416666666666668,26.936666666666667,25.496666666666663,19.333333333333332,15.76,13.373333333333331,11.949999999999998,2.6583333333333337
41.72666666666667,37.766666666666666,13.233,26.63,29.03333333333333,27.02333333333333,25.69666666666667,19.613333333333333,15.76,13.376666666666669,11.953333333333331,2.635
20.866666666666667,9.745333333333331,-10.179666666666668,24.376666666666665,27.459999999999997,26.546666666666667,25.596666666666668,19.89333333333333,15.773333333333332,13.376666666666669,11.996666666666668,2.5783333333333336
7.1546666666666665,-3.060666666666666,-22.653333333333336,22.126666666666665,26.0,25.78333333333333,25.16,20.13,15.786666666666669,13.403333333333334,11.996666666666668,2.529
-4.976999999999999,-16.896666666666665,-35.57,19.62,24.353333333333335,24.84,24.56,20.326666666666668,15.82,13.423333333333332,12.02,2.4776666666666665
-15.596666666666666,-27.343333333333337,-42.38,17.74,22.85,23.86,23.863333333333333,20.49,15.833333333333334,13.433333333333332,12.0,2.431666666666667
-23.08,-33.546666666666674,-45.04333333333333,16.216666666666665,21.44666666666667,22.833333333333332,23.043333333333333,20.56,15.853333333333332,13.446666666666667,12.003333333333336,2.3893333333333335
-26.596666666666664,-34.50666666666666,-41.31,15.516666666666666,20.380000000000003,21.913333333333338,22.24333333333333,20.606666666666666,15.856666666666667,13.46,12.033333333333331,2.3713333333333337
-26.746666666666663,-32.190000000000005,-36.11333333333334,15.153333333333334,19.610000000000003,21.12,21.496666666666663,20.566666666666663,15.89,13.42,12.0,2.353333333333333
-25.516666666666666,-29.203333333333333,-31.709999999999997,14.913333333333332,19.113333333333333,20.55333333333333,20.916666666666668,20.48,15.94,13.446666666666667,12.006666666666668,2.3379999999999996
-24.73,-28.25,-32.04,14.286666666666669,18.64,20.063333333333333,20.41333333333333,20.37666666666667,15.993333333333334,13.49,12.066666666666668,2.334
-25.679999999999996,-29.85,-34.91,13.38,18.036666666666665,19.55333333333333,19.929999999999996,20.24,16.02333333333333,13.48,12.04,2.3220000000000005
-27.146666666666665,-31.206666666666667,-34.56,12.81,17.433333333333334,19.03,19.45,20.073333333333338,16.026666666666667,13.486666666666666,12.063333333333334,2.3033333333333332
-26.709999999999997,-29.433333333333337,-30.776666666666667,12.693333333333332,16.996666666666666,18.55333333333333,18.993333333333332,19.916666666666668,16.066666666666666,13.473333333333334,12.026666666666666,2.294
-25.72,-27.94333333333333,-29.583333333333332,12.31,16.676666666666666,18.176666666666662,18.603333333333335,19.746666666666663,16.11,13.506666666666666,12.02,2.294
-25.35,-27.373333333333335,-28.25,11.986666666666666,16.346666666666664,17.826666666666664,18.263333333333332,19.59,16.16,13.513333333333334,12.026666666666666,2.2900000000000005
-24.340000000000003,-25.836666666666662,-26.24,11.763333333333334,16.093333333333334,17.513333333333335,17.923333333333332,19.393333333333334,16.2,13.536666666666669,12.050000000000002,2.283333333333333
-23.916666666666668,-25.95,-27.623333333333335,11.29,15.806666666666668,17.236666666666665,17.64333333333333,19.223333333333333,16.206666666666667,13.546666666666669,12.050000000000002,2.2733333333333334
-24.24,-26.403333333333336,-27.01,11.006666666666666,15.473333333333334,16.93,17.35666666666667,19.05,16.24,13.53,12.089999999999998,2.2623333333333333
-23.51,-25.403333333333336,-24.77,10.836666666666666,15.223333333333334,16.64,17.069999999999997,18.866666666666664,16.243333333333332,13.51,12.089999999999998,2.2543333333333333
-22.436666666666667,-24.033333333333335,-23.55,10.73,15.04,16.413333333333334,16.810000000000002,18.686666666666667,16.30333333333333,13.513333333333334,12.089999999999998,2.253
-22.00333333333333,-23.65,-23.58666666666667,10.443333333333332,14.866666666666664,16.213333333333335,16.613333333333333,18.549999999999997,16.31,13.576666666666666,12.089999999999998,2.253
-21.503333333333337,-22.92,-22.493333333333336,10.343333333333334,14.686666666666667,16.003333333333334,16.406666666666666,18.37333333333333,16.333333333333332,13.57,12.11,2.253
-20.80666666666667,-22.183333333333337,-21.846666666666664,10.17,14.52,15.803333333333333,16.189999999999998,18.19333333333333,16.33,13.556666666666668,12.1,2.254
-20.896666666666665,-23.126666666666665,-24.296666666666667,9.673333333333334,14.283333333333331,15.606666666666667,16.0,18.03,16.326666666666668,13.596666666666666,12.093333333333334,2.252333333333333
-22.076666666666668,-24.9,-26.426666666666662,9.143333333333333,13.963333333333331,15.356666666666664,15.78,17.87333333333333,16.3,13.576666666666668,12.073333333333332,2.242666666666667
-23.296666666666667,-26.423333333333332,-27.78,8.683333333333332,13.643333333333333,15.12,15.57,17.736666666666668,16.349999999999998,13.586666666666666,12.136666666666663,2.231666666666667
-24.013333333333335,-26.926666666666662,-27.320000000000004,8.39,13.353333333333332,14.853333333333332,15.333333333333334,17.606666666666666,16.37,13.646666666666668,12.15,2.218666666666667
-23.723333333333333,-25.956666666666667,-25.35,8.343333333333334,13.113333333333337,14.596666666666666,15.086666666666666,17.45,16.346666666666668,13.63,12.13,2.2136666666666667
-22.883333333333336,-24.53333333333333,-22.790000000000003,8.39,12.956666666666669,14.38,14.873333333333337,17.299999999999997,16.333333333333332,13.67,12.113333333333332,2.212666666666667
-20.713333333333335,-20.966666666666665,-17.393333333333334,8.796666666666667,12.99,14.256666666666666,14.686666666666667,17.143333333333334,16.33,13.68,12.11,2.215666666666667
-17.526666666666667,-16.5,-11.853333333333332,9.356666666666667,13.146666666666668,14.223333333333334,14.593333333333334,16.98333333333333,16.296666666666667,13.686666666666666,12.113333333333332,2.2303333333333337
-13.656666666666666,-11.433333333333332,-6.457999999999999,9.966666666666669,13.47,14.296666666666669,14.61,16.876666666666665,16.293333333333333,13.72,12.143333333333333,2.25
-9.93,-6.72,-0.5216666666666666,10.693333333333332,13.836666666666666,14.410000000000002,14.63,16.73,16.290000000000003,13.73,12.15,2.257333333333333
-5.0089999999999995,-0.0626666666666667,8.676666666666668,11.666666666666666,14.37,14.646666666666668,14.713333333333331,16.616666666666667,16.25666666666667,13.73,12.156666666666666,2.2869999999999995
2.227,10.442333333333334,23.346666666666668,13.346666666666666,15.246666666666668,15.03,14.936666666666667,16.5,16.236666666666665,13.746666666666664,12.173333333333332,2.3126666666666664
9.250333333333332,17.286666666666665,25.186666666666667,14.04,16.19333333333333,15.62,15.326666666666668,16.44666666666667,16.23,13.796666666666669,12.24,2.343
12.52,19.89333333333333,28.066666666666663,15.023333333333332,16.86666666666667,16.12,15.723333333333334,16.37333333333333,16.186666666666667,13.76,12.213333333333331,2.369666666666667
18.256666666666664,29.090000000000003,46.59,17.039999999999996,17.84,16.676666666666666,16.14,16.34,16.186666666666667,13.786666666666669,12.216666666666669,2.3983333333333334
32.14333333333334,49.93,74.44666666666666,20.033333333333335,19.62333333333333,17.560000000000002,16.713333333333335,16.31,16.13333333333333,13.76,12.206666666666669,2.452666666666667
46.39666666666667,65.8,87.06666666666668,22.533333333333335,21.636666666666667,18.796666666666667,17.563333333333333,16.32,16.09,13.783333333333331,12.206666666666663,2.5143333333333335
64.62,93.03333333333336,125.86666666666667,26.223333333333333,24.27,20.243333333333332,18.613333333333333,16.39,16.06,13.763333333333334,12.196666666666667,2.5963333333333334
93.56666666666666,126.63333333333334,152.46666666666667,28.833333333333332,27.73,22.27333333333333,20.05666666666667,16.49,16.02,13.79,12.213333333333331,2.6953333333333336
101.26666666666668,118.9,108.73333333333336,28.983333333333334,29.69666666666667,24.30333333333333,21.8,16.676666666666666,15.966666666666669,13.786666666666669,12.18,2.733333333333333
85.06666666666668,97.4,95.3,29.05,29.923333333333332,25.36,23.12,16.939999999999998,15.96,13.816666666666668,12.189999999999998,2.720333333333334
81.68333333333334,93.1,83.95,29.206666666666667,30.59,26.22,24.069999999999997,17.276666666666667,15.96,13.83,12.22,2.720333333333333
69.33999999999999,70.64999999999999,54.31,27.386666666666667,30.213333333333335,26.733333333333334,24.80666666666667,17.673333333333332,15.953333333333331,13.856666666666667,12.253333333333332,2.686666666666667
51.09666666666667,46.196666666666665,34.653333333333336,26.206666666666667,29.05,26.65,25.12,18.073333333333338,15.93,13.866666666666664,12.293333333333331,2.641
47.68000000000001,47.89666666666667,39.85666666666666,26.56,28.933333333333337,26.543333333333333,25.179999999999996,18.463333333333335,15.906666666666666,13.846666666666666,12.28,2.6366666666666667
38.99666666666667,34.873333333333335,14.796666666666663,24.81,28.276666666666667,26.403333333333336,25.256666666666664,18.813333333333336,15.88,13.82,12.253333333333332,2.6140000000000003
24.799999999999997,11.64,-11.702,22.956666666666667,27.186666666666667,25.986666666666668,25.040000000000003,19.133333333333336,15.853333333333332,13.843333333333334,12.23,2.5716666666666668
9.777666666666669,0.0609999999999999,-21.653333333333332,20.843333333333337,25.69666666666667,25.283333333333335,24.656666666666663,19.42,15.839999999999998,13.85,12.25,2.5253333333333337
-1.3830000000000002,-13.466666666666669,-36.830000000000005,18.186666666666667,23.99333333333333,24.37,24.15,19.67,15.839999999999998,13.876666666666663,12.283333333333331,2.472
-14.016666666666666,-28.30333333333333,-49.923333333333325,15.596666666666666,22.256666666666664,23.31,23.46666666666667,19.85333333333333,15.826666666666666,13.893333333333333,12.3,2.420666666666667
-25.819999999999997,-40.5,-56.60333333333333,13.143333333333333,20.503333333333337,22.173333333333332,22.633333333333336,19.99,15.88,13.903333333333334,12.316666666666668,2.369
-32.336666666666666,-42.81999999999999,-49.43666666666667,12.670000000000002,19.12333333333333,21.03333333333333,21.686666666666667,20.006666666666664,15.87,13.903333333333334,12.31,2.338
-33.47666666666666,-42.60666666666666,-52.39666666666667,11.213333333333331,18.16,20.143333333333334,20.836666666666662,20.016666666666666,15.906666666666666,13.893333333333333,12.33,2.3203333333333336
-37.913333333333334,-47.49333333333333,-55.68666666666667,9.796666666666669,16.98,19.25,20.033333333333335,19.929999999999996,15.909999999999998,13.893333333333333,12.296666666666669,2.294
-40.413333333333334,-48.876666666666665,-55.083333333333336,8.796666666666667,15.963333333333331,18.37333333333333,19.223333333333333,19.836666666666662,15.946666666666667,13.893333333333333,12.316666666666668,2.2703333333333333
-41.29333333333333,-48.25333333333333,-52.14333333333334,8.29,15.14,17.586666666666666,18.47,19.66,15.963333333333331,13.88,12.32,2.256
-41.28,-47.39666666666667,-50.656666666666666,7.545000000000001,14.446666666666664,16.91333333333333,17.793333333333333,19.503333333333337,16.026666666666667,13.920000000000002,12.32,2.2420000000000004
-41.28,-46.94333333333333,-49.74,6.873333333333334,13.806666666666668,16.286666666666665,17.176666666666666,19.290000000000003,16.043333333333333,13.906666666666666,12.343333333333334,2.224
-41.42666666666666,-46.98,-49.76666666666667,5.941666666666666,13.18,15.69,16.593333333333334,19.06,16.083333333333332,13.936666666666666,12.373333333333337,2.214
-41.86333333333334,-47.44333333333333,-49.75333333333334,5.224333333333333,12.573333333333332,15.14,16.05333333333333,18.83,16.136666666666667,13.923333333333332,12.353333333333332,2.2106666666666666
-42.083333333333336,-47.379999999999995,-48.98333333333333,4.634666666666667,11.976666666666668,14.573333333333332,15.5,18.573333333333338,16.143333333333334,13.883333333333333,12.326666666666666,2.197333333333334
-41.22666666666667,-44.89000000000001,-42.223333333333336,4.873666666666666,11.596666666666666,14.103333333333332,15.03,18.35,16.21,13.93,12.37,2.1896666666666667
-35.71333333333334,-36.11,-30.67,5.7203333333333335,11.659999999999998,13.81,14.623333333333331,18.093333333333337,16.21,13.93,12.37,2.2046666666666668
-32.526666666666664,-34.15333333333333,-32.81333333333334,5.482333333333334,11.61,13.626666666666663,14.366666666666667,17.83,16.21,13.93,12.37,2.2146666666666666
-30.956666666666667,-32.529999999999994,-31.403333333333332,5.576666666666667,11.496666666666668,13.426666666666668,14.116666666666667,17.58,16.21,13.93,12.37,2.216666666666667
-29.526666666666667,-30.49,-26.76666666666667,5.982666666666667,11.406666666666666,13.23,13.903333333333334,17.34,16.21,13.93,12.37,2.217
-26.263333333333335,-26.676666666666662,-23.84,6.081333333333333,11.47,13.126666666666669,13.73,17.10333333333333,16.21,13.93,12.37,2.227666666666667
-24.81,-25.933333333333337,-24.819999999999997,5.88,11.453333333333331,13.036666666666669,13.586666666666668,16.883333333333336,16.21,13.93,12.37,2.239
-24.25,-25.563333333333333,-24.30666666666667,5.987333333333333,11.37,12.923333333333332,13.483333333333334,16.703333333333333,16.21,13.93,12.37,2.245
-23.429999999999996,-24.763333333333332,-23.47666666666667,6.016000000000001,11.31,12.806666666666668,13.35,16.5,16.21,13.93,12.37,2.257
-22.963333333333335,-24.526666666666667,-23.00333333333333,5.954666666666665,11.236666666666666,12.68,13.226666666666668,16.326666666666664,16.21,13.93,12.37,2.261
-22.45,-24.096666666666664,-23.546666666666667,5.867333333333334,11.133333333333333,12.583333333333334,13.116666666666667,16.166666666666668,16.21,13.933333333333332,12.386666666666668,2.261
-22.956666666666667,-25.2,-26.706666666666663,5.308666666666666,10.936666666666666,12.44,12.97,16.006666666666664,16.21,13.939999999999998,12.416666666666666,2.261
-24.05666666666667,-26.58666666666667,-26.383333333333336,5.419999999999999,10.673333333333334,12.236666666666666,12.836666666666668,15.866666666666667,16.166666666666668,13.986666666666666,12.446666666666667,2.261
-22.826666666666668,-24.17,-22.256666666666664,5.605999999999999,10.64,12.08,12.653333333333334,15.713333333333331,16.14,14.006666666666666,12.449999999999998,2.269
-21.906666666666663,-23.77333333333333,-22.623333333333335,5.514,10.573333333333332,11.973333333333334,12.556666666666668,15.589999999999998,16.13,14.01,12.449999999999998,2.282
-17.536666666666665,-14.12466666666667,0.2313333333333336,7.724666666666667,10.93,11.95,12.443333333333332,15.423333333333334,16.073333333333334,14.006666666666666,12.443333333333332,2.308666666666667
-0.3036666666666665,15.948999999999998,48.57999999999999,13.763333333333335,12.753333333333332,12.473333333333334,12.596666666666666,15.306666666666668,16.043333333333333,13.983333333333334,12.423333333333334,2.3876666666666666
24.916666666666668,48.656666666666666,81.62666666666667,17.413333333333334,15.583333333333334,13.776666666666666,13.226666666666668,15.183333333333332,16.02,14.02,12.446666666666664,2.5033333333333334
45.46333333333333,66.19666666666667,83.26,17.939999999999998,18.213333333333335,15.466666666666669,14.316666666666668,15.096666666666666,15.983333333333334,14.036666666666669,12.46,2.61
52.21666666666667,71.55,96.58333333333331,21.326666666666664,19.94666666666667,16.860000000000003,15.473333333333334,15.066666666666668,15.96,14.033333333333331,12.446666666666667,2.6783333333333332
68.79333333333334,91.96666666666664,105.26666666666668,22.506666666666664,22.6,18.55,16.733333333333334,15.093333333333334,15.936666666666666,14.03,12.466666666666669,2.7729999999999997
80.66333333333334,106.4,130.4,25.633333333333336,24.956666666666667,20.243333333333332,18.1,15.213333333333331,15.86,14.05,12.486666666666666,2.8486666666666665
81.36666666666666,89.29333333333334,75.05333333333334,24.476666666666663,26.133333333333336,21.85666666666667,19.55333333333333,15.373333333333337,15.846666666666666,14.033333333333331,12.476666666666668,2.8686666666666665
65.19333333333334,71.13333333333333,68.60000000000001,24.77666666666667,26.06,22.51,20.52,15.64,15.796666666666669,14.043333333333331,12.486666666666666,2.8409999999999997
63.4,68.71333333333334,50.87,23.60666666666667,26.58,23.180000000000003,21.22,15.95,15.736666666666666,14.053333333333333,12.49,2.835666666666667
35.23,27.616666666666664,17.094333333333335,20.926666666666662,24.783333333333335,23.05666666666667,21.61,16.3,15.703333333333331,14.076666666666668,12.52,2.7546666666666666
30.476666666666663,31.926666666666662,31.070000000000004,21.433333333333337,24.436666666666667,22.763333333333332,21.573333333333338,16.650000000000002,15.683333333333332,14.063333333333334,12.51,2.7289999999999996
36.48333333333333,46.57333333333333,63.70000000000001,23.94,25.03,22.886666666666667,21.613333333333333,16.95,15.636666666666663,14.06,12.51,2.753
42.18666666666667,48.48333333333333,42.12333333333333,22.886666666666667,25.626666666666665,23.376666666666665,21.953333333333333,17.22666666666667,15.590000000000002,14.08,12.523333333333332,2.7616666666666667
38.68333333333333,44.22666666666667,53.50333333333333,24.28,25.69333333333334,23.62,22.263333333333332,17.48,15.553333333333333,14.08,12.523333333333332,2.7496666666666667
39.303333333333335,39.836666666666666,28.070333333333327,22.209999999999997,25.776666666666667,23.903333333333336,22.546666666666667,17.716666666666665,15.550000000000002,14.08,12.52,2.74
19.54,9.903,-7.377666666666666,19.72666666666667,24.319999999999997,23.60666666666667,22.62,17.95,15.533333333333331,14.056666666666668,12.506666666666668,2.6786666666666665
6.777666666666666,-2.667,-18.406666666666663,18.286666666666665,23.05333333333333,22.936666666666667,22.290000000000003,18.180000000000003,15.513333333333334,14.1,12.533333333333331,2.6273333333333335
0.3926666666666667,-5.576666666666667,-13.633333333333336,18.22666666666667,22.22666666666667,22.28,21.83,18.363333333333333,15.543333333333337,14.103333333333332,12.553333333333333,2.598333333333333
-0.852,-4.212666666666666,-13.746666666666668,17.52,21.646666666666665,21.790000000000003,21.426666666666662,18.51666666666667,15.573333333333332,14.1,12.550000000000002,2.58
-8.909666666666666,-18.326666666666664,-35.82666666666666,14.793333333333331,20.426666666666662,21.186666666666667,21.040000000000003,18.63,15.573333333333332,14.1,12.58,2.5353333333333334
-19.676666666666662,-30.25333333333333,-44.833333333333336,12.946666666666664,19.013333333333335,20.313333333333333,20.460000000000004,18.683333333333337,15.593333333333334,14.12,12.566666666666668,2.4913333333333334
-27.74,-38.65,-50.30666666666667,10.983333333333334,17.643333333333334,19.37,19.736666666666665,18.703333333333333,15.58,14.089999999999998,12.556666666666668,2.449666666666667
-33.52,-44.00333333333333,-52.916666666666664,9.116666666666667,16.37,18.416666666666668,18.95,18.663333333333338,15.623333333333337,14.096666666666666,12.593333333333334,2.4126666666666665
-37.56,-47.95666666666667,-55.413333333333334,6.924,15.233333333333334,17.539999999999996,18.19333333333333,18.606666666666666,15.606666666666667,14.1,12.563333333333333,2.3816666666666664
-40.72666666666667,-50.74666666666667,-56.403333333333336,5.3183333333333325,14.166666666666666,16.683333333333334,17.430000000000003,18.52,15.643333333333333,14.073333333333332,12.58,2.348333333333333
-42.51,-51.60666666666666,-55.26333333333333,4.3933333333333335,13.263333333333334,15.893333333333333,16.693333333333335,18.376666666666665,15.686666666666667,14.089999999999998,12.589999999999998,2.326
-43.44333333333333,-51.74,-54.21666666666667,3.5756666666666668,12.48,15.18,16.01,18.21,15.716666666666669,14.096666666666666,12.616666666666664,2.3016666666666663
-43.97,-51.526666666666664,-53.17666666666667,2.6153333333333335,11.75,14.49,15.346666666666666,17.983333333333334,15.7,14.073333333333332,12.603333333333332,2.2813333333333334
-44.36666666666667,-51.26666666666667,-52.45666666666667,2.102333333333333,11.11,13.876666666666663,14.756666666666666,17.78333333333333,15.746666666666668,14.1,12.583333333333334,2.262
-44.56666666666666,-51.21333333333333,-51.74,1.5503333333333331,10.493333333333334,13.286666666666669,14.183333333333332,17.533333333333335,15.766666666666666,14.08,12.590000000000002,2.244666666666667
-44.580000000000005,-50.88333333333333,-50.806666666666665,0.9833333333333332,9.94,12.733333333333334,13.65333333333333,17.296666666666667,15.813333333333333,14.046666666666669,12.603333333333332,2.225
-44.49666666666666,-50.51,-50.01333333333333,0.765,9.38,12.176666666666668,13.103333333333332,17.013333333333332,15.766666666666666,14.046666666666669,12.589999999999998,2.221
-44.376666666666665,-49.99333333333333,-49.156666666666666,0.455,8.916666666666666,11.716666666666669,12.656666666666666,16.783333333333335,15.81,14.06,12.589999999999998,2.202666666666667
-44.04333333333333,-49.373333333333335,-48.20666666666667,-0.093,8.479999999999999,11.28,12.233333333333334,16.54,15.83,14.066666666666668,12.616666666666667,2.1833333333333336
-43.77,-49.053333333333335,-47.870000000000005,-0.5836666666666667,8.07,10.856666666666667,11.81,16.276666666666667,15.853333333333332,14.12,12.646666666666668,2.1786666666666665
-43.54999999999999,-48.656666666666666,-47.02333333333333,-0.8933333333333332,7.641333333333333,10.426666666666668,11.386666666666663,16.016666666666666,15.863333333333332,14.096666666666666,12.633333333333333,2.1733333333333333
-43.23666666666667,-48.19333333333333,-46.49666666666667,-1.3656666666666666,7.231333333333333,10.003333333333332,10.983333333333334,15.74,15.833333333333334,14.060000000000002,12.660000000000002,2.16
-43.16,-47.8,-46.49666666666666,-1.992,6.861666666666667,9.646666666666668,10.606666666666667,15.476666666666668,15.82,14.11,12.65,2.1453333333333333
-43.129999999999995,-47.56,-46.09,-1.9266666666666667,6.525666666666667,9.293333333333331,10.283333333333331,15.26,15.856666666666667,14.116666666666664,12.643333333333333,2.137
-43.10333333333333,-47.73,-46.836666666666666,-2.8939999999999997,6.088666666666666,8.873333333333333,9.88,14.963333333333331,15.823333333333332,14.056666666666668,12.593333333333334,2.1366666666666667
-43.29,-48.31999999999999,-45.71333333333334,-3.244,5.7,8.51,9.536666666666669,14.72,15.8,14.103333333333332,12.64,2.1260000000000003
-42.833333333333336,-47.656666666666666,-44.72,-3.507,5.374,8.156666666666666,9.19,14.47,15.74,14.113333333333332,12.64,2.116
-42.54333333333334,-47.28,-44.580000000000005,-4.006333333333333,5.086666666666667,7.856666666666667,8.88,14.236666666666666,15.74,14.12,12.653333333333334,2.1056666666666666
-42.190000000000005,-46.49666666666667,-43.53666666666667,-4.208333333333333,4.818333333333333,7.561,8.583333333333334,14.016666666666666,15.713333333333331,14.086666666666668,12.686666666666667,2.0966666666666662
-40.693333333333335,-43.29,-35.50666666666666,-2.4446666666666665,4.617,7.227666666666667,8.246666666666668,13.72,15.65,14.04,12.63,2.0973333333333333
-33.61666666666667,-29.49,-7.308333333333333,2.042666666666667,5.2026666666666666,7.2010000000000005,8.046666666666667,13.496666666666664,15.61,14.086666666666666,12.646666666666668,2.124
-20.60666666666667,-12.608333333333333,8.917666666666667,4.367,6.447666666666667,7.590333333333334,8.113333333333332,13.263333333333334,15.57,14.086666666666666,12.663333333333332,2.167666666666667
-3.0429999999999993,14.488,50.41,10.063333333333334,8.456666666666665,8.339666666666666,8.403333333333334,13.02,15.513333333333334,14.06,12.62,2.2416666666666667
22.256666666666664,46.91,85.83999999999999,15.466666666666669,11.486666666666666,9.786666666666669,9.2,12.839999999999998,15.473333333333334,14.08,12.656666666666666,2.341666666666667
45.95,74.27,112.26666666666664,19.15,14.763333333333334,11.696666666666667,10.436666666666667,12.7,15.426666666666668,14.096666666666666,12.659999999999998,2.451
65.19,96.66666666666669,130.33333333333334,21.92,17.996666666666666,13.843333333333334,11.996666666666668,12.663333333333334,15.420000000000002,14.136666666666663,12.706666666666669,2.560666666666666
81.07666666666667,111.73333333333332,140.66666666666666,24.28,20.929999999999996,16.02,13.693333333333332,12.666666666666666,15.36,14.116666666666667,12.71,2.66
92.76666666666668,124.73333333333336,147.5,26.406666666666663,23.69,18.12333333333333,15.436666666666667,12.793333333333331,15.276666666666666,14.113333333333337,12.676666666666668,2.743
104.53333333333336,135.5666666666667,150.73333333333335,28.623333333333335,26.366666666666664,20.24,17.263333333333332,12.993333333333332,15.22,14.103333333333332,12.693333333333332,2.8186666666666667
109.56666666666666,133.5,135.53333333333333,29.040000000000003,28.296666666666667,22.126666666666665,18.993333333333336,13.316666666666668,15.17,14.133333333333333,12.686666666666667,2.8526666666666665
108.73333333333332,132.33333333333334,137.83333333333334,30.836666666666662,29.790000000000003,23.636666666666667,20.536666666666665,13.696666666666667,15.103333333333332,14.106666666666667,12.67,2.877
113.5,137.39999999999998,144.93333333333334,32.333333333333336,31.576666666666664,25.213333333333335,22.02,14.18,15.046666666666669,14.089999999999998,12.693333333333332,2.8986666666666667
115.2,135.66666666666666,135.0,32.89333333333334,32.93666666666667,26.61,23.383333333333336,14.670000000000002,14.976666666666668,14.089999999999998,12.68,2.907666666666667
114.36666666666667,130.0,113.46666666666664,32.28333333333333,33.96333333333333,27.84,24.659999999999997,15.22,14.923333333333332,14.079999999999998,12.686666666666667,2.905666666666667
99.86666666666667,106.66666666666669,85.33333333333333,31.866666666666664,33.86000000000001,28.623333333333335,25.709999999999997,15.810000000000002,14.86,14.1,12.71,2.8686666666666665
90.56666666666666,97.83333333333331,83.81,31.956666666666667,33.82666666666666,29.03,26.37,16.406666666666666,14.839999999999998,14.1,12.71,2.8433333333333337
75.08666666666666,71.77666666666666,47.54,28.916666666666668,32.98666666666667,29.209999999999997,26.856666666666666,16.99,14.83,14.096666666666666,12.703333333333331,2.7913333333333337
65.17666666666666,60.68666666666667,44.623333333333335,29.046666666666667,32.196666666666665,29.01666666666667,27.00333333333333,17.546666666666667,14.800000000000002,14.103333333333332,12.7,2.753
55.92666666666667,53.123333333333335,35.373333333333335,28.473333333333333,31.53,28.776666666666667,27.016666666666666,18.073333333333338,14.796666666666669,14.123333333333331,12.733333333333334,2.7216666666666662
38.75666666666667,27.88000000000001,0.6539999999999999,25.99333333333333,30.103333333333335,28.323333333333338,26.903333333333336,18.540000000000003,14.776666666666666,14.103333333333332,12.72,2.671
20.256666666666668,4.038666666666667,-18.212333333333333,24.233333333333334,28.566666666666663,27.543333333333337,26.403333333333336,18.963333333333335,14.763333333333334,14.096666666666666,12.77,2.621333333333333
7.484333333333333,-2.952,-26.626666666666665,21.96666666666667,26.89,26.61,25.80333333333333,19.313333333333333,14.766666666666666,14.12,12.77,2.5660000000000003
-3.5430000000000006,-15.76,-39.67,19.513333333333332,24.916666666666668,25.44333333333333,25.103333333333335,19.583333333333332,14.806666666666668,14.126666666666669,12.746666666666668,2.506
-16.353333333333335,-30.78333333333333,-53.46666666666667,17.066666666666666,23.093333333333337,24.25,24.28,19.793333333333333,14.853333333333332,14.113333333333332,12.733333333333334,2.4486666666666665
-27.63,-42.32333333333333,-59.13,14.376666666666663,21.253333333333337,22.98,23.316666666666663,19.92,14.9,14.083333333333334,12.76,2.398
-35.346666666666664,-49.07333333333333,-61.39333333333334,12.236666666666666,19.593333333333337,21.74333333333333,22.286666666666665,19.993333333333336,14.946666666666664,14.086666666666666,12.796666666666669,2.353333333333333
-38.946666666666665,-49.843333333333334,-56.303333333333335,11.236666666666666,18.24,20.563333333333333,21.223333333333333,19.976666666666663,14.993333333333334,14.083333333333334,12.763333333333334,2.328666666666667
-39.43666666666667,-48.336666666666666,-52.96333333333333,10.433333333333334,17.286666666666665,19.626666666666665,20.326666666666664,19.893333333333334,15.063333333333333,14.07,12.78,2.3023333333333333
-38.82666666666667,-45.61333333333334,-47.946666666666665,10.006666666666668,16.513333333333335,18.81,19.5,19.76,15.096666666666666,14.066666666666668,12.766666666666666,2.295666666666666
-36.56333333333334,-41.35333333333333,-42.14000000000001,10.073333333333332,15.973333333333334,18.14,18.79,19.59,15.17,14.043333333333331,12.77,2.2840000000000003
-34.876666666666665,-39.49666666666666,-41.35333333333333,9.483333333333333,15.493333333333334,17.593333333333334,18.19666666666667,19.389999999999997,15.243333333333334,14.04,12.776666666666666,2.271333333333333
-34.63333333333333,-39.36333333333334,-41.330000000000005,8.836666666666668,14.96,17.080000000000002,17.673333333333336,19.19,15.31,14.04,12.800000000000002,2.2546666666666666
